y,x,mass,size,ecc,signal,raw_mass,ep
95.39448006690827,773.0487872874269,1010.0945627853359,4.167793732893249,0.4844974838662889,19.148712090717268,5075.0,0.009571204764450473
96.98725055432372,727.2536031042129,1016.008135636881,4.207380538741736,0.40353710200741555,19.148712090717268,5565.0,0.008728153305463475
95.40391508133443,755.901847256686,1021.3585110739932,4.210448227476663,0.49699373927889984,18.86711338350084,5148.0,0.009435429649395036
98.96001095590249,709.925225965489,1028.1168800471876,4.2260490473412755,0.4273188038230691,18.30391596906798,5605.0,0.008665842668888545
99.1455503188245,822.2927640698641,1015.7265369296646,4.322044254434307,0.442135005003896,17.740718554635116,4986.0,0.009742119335852695
105.1784376672017,674.1217228464419,1052.615967575017,4.202091252403492,0.505969538481817,19.4303107979337,5432.0,0.008941937032947704
116.17537212449255,635.1439783491204,1040.5072231647105,4.297590349790722,0.43465080505720133,19.4303107979337,5642.0,0.008608992223619378
129.23089386983526,929.9719146637862,1042.760012822442,4.220719695763098,0.3180012996915767,16.614323725769395,4823.0,0.010071504811607726
129.96488840500817,599.9115405552532,1034.5936503131654,4.3232228547615374,0.38097493928854015,19.711909505150132,6017.0,0.008072271488188268
137.1005376344086,583.9311827956989,1047.5471908451211,4.2646332520151775,0.4004195602966886,19.148712090717268,5892.0,0.008243584720478293
161.25486074619022,541.0985286389911,1071.7646796657343,4.2834722509239045,0.35265911311139975,18.86711338350084,5992.0,0.00810596213665096
172.81993299832496,523.964824120603,1008.6865692492538,4.205530643751537,0.37137003605561564,19.4303107979337,5925.0,0.008197655535190976
186.86293103448276,505.03218390804597,979.9635011131779,4.257346591481601,0.4250928428603279,18.30391596906798,5532.0,0.00878023818137151
203.44036697247705,1046.0598324690866,705.9679589915911,4.173921353535139,0.3418714236022149,15.206330189687243,4245.0,0.0114434910965682
205.02148040638608,484.1085631349782,970.1075463606029,4.236410014543063,0.3744197995909981,17.177521140202256,5527.0,0.008788184106690914
214.91184668989547,1057.9236933797908,808.1882897111553,4.33219854702795,0.41152178306304477,15.206330189687243,4535.0,0.010711389463935574
225.9000626566416,463.1293859649123,898.863073434846,4.261428684853264,0.41962399411997003,16.614323725769395,4898.0,0.009917222997187126
247.23555555555555,1087.737037037037,760.3165094843622,4.249270089826757,0.35525738932485285,15.769527604120105,4324.0,0.011234320106226327
331.13117117117116,390.358018018018,1562.872825051189,4.223337137451447,0.43228334358975085,28.723068136075906,8701.0,0.005581641387690959
355.6914951245937,965.5687973997833,1039.6624270430611,3.733939969028384,0.3255668966816404,27.03347589277732,13332.0,0.0036425121596262563
361.2050227559357,1017.4812743324012,5135.515623506042,4.544220772007112,0.07279038921783862,50.40616859174105,24834.0,0.001955326885388146
362.2574928639391,410.3827307326356,4735.363860551494,4.53270701910322,0.1025983766656164,48.9981750556589,27634.0,0.0017571900716154656
364.99923441312984,915.3658548255897,5885.131382116179,4.433925646219464,0.07019722950657967,66.73889361029401,28246.0,0.0017191147088281265
360.94867908185364,1061.1974880900823,1300.4228299254758,4.1059749004428,0.3973408166561906,27.878272014426614,12181.0,0.003986754996436737
365.255038344926,375.5705368289638,1578.9239513625255,4.18897718701983,0.45430127717146424,31.25745650102378,8687.0,0.005590638858279554
365.4478021978022,704.3049941130298,5740.108047899718,4.3924718405132355,0.11315463845854638,71.80767034018976,28149.0,0.0017250391114789765
364.8747325885429,1136.4846684097931,1184.685761259523,3.958424293885223,0.3530274229297963,25.9070810639116,10277.0,0.004725517608105886
367.4459400781589,887.0800887730979,5836.696404474954,4.448615184946131,0.07617921028413398,67.86528843915974,27535.0,0.0017635083752529682
364.9133049361062,1043.4893510398397,1123.8604405007738,3.938610601507617,0.36009673602119857,23.372692698963725,11992.0,0.004049598788092803
367.32057291666666,793.5614583333333,1081.339035711093,3.692369665946247,0.3099661789214632,28.441469428859474,13809.0,0.003516671713744071
368.574687227233,981.3503054989817,4839.273783514357,4.439225267723721,0.048929635374864035,49.842971177308186,27023.0,0.0017969237367720062
369.0470693183607,1113.300624442462,5366.426563423514,4.411567748485255,0.0771751605708027,59.69892592988325,22798.0,0.0021299648288985945
368.771990433165,747.5336167951103,1059.6559352554277,3.7615973560639047,0.4427889561590454,27.315074599993753,14139.0,0.003434582009722579
372.0703348040488,935.1872307293019,5424.999094524533,4.395913918023087,0.043392643949527486,62.79651170926399,27531.0,0.001763764615399722
373.2214328004737,678.8342214328005,951.240432977102,4.240895936263271,0.37584384291309236,19.711909505150132,14413.0,0.0033692794038883214
375.1513786596871,964.1994034938219,4626.385160858736,4.556641317480607,0.04429215757246525,42.803003496897425,27702.0,0.0017528763911062802
374.9837320089195,812.265862558281,5556.5056907946055,4.650140754982738,0.06112697188478218,52.37735954225606,28180.0,0.0017231413109410469
374.44062022788677,1075.2487959591213,4794.499589066944,4.481477076901159,0.06849438368719346,51.53256342060677,25109.0,0.0019339099491246094
375.4625863642289,440.5223569286925,4320.287366114476,4.3840453915952695,0.11442922449936499,47.87178022679318,27191.0,0.0017858205975344501
375.2752231604343,656.0651869722557,5836.13320706052,4.435621788586941,0.08947322127147402,67.30209102472688,28695.0,0.0016922132812452874
381.4514456859809,731.3918327381638,4889.116754691665,4.486338360592907,0.049413841125350286,53.222155663905355,29031.0,0.0016726265308550268
381.8486795146324,411.08957887223414,789.0395776204381,2.805304957206343,0.14199940818493123,30.412660379374486,16754.0,0.002898440946458826
384.2408985794516,1144.1036669970267,4261.996433720675,4.557216185249655,0.045094768175055165,44.49259574019601,22258.0,0.002181644434844209
384.14634599888427,782.362796751999,4543.031943522672,4.430346207689652,0.08175665196163864,52.37735954225606,28026.0,0.0017326104737043406
384.1641810316999,1040.5011298340758,4361.682376075291,4.38890748105582,0.0802536109456799,51.53256342060677,25957.0,0.0018707253601636777
385.32200580190636,367.40116038126814,1358.9953610264934,3.5522271108645644,0.5123634865306224,61.67011688039827,8067.0,0.006020421698492639
387.4959889016225,517.5853187767658,4668.6249669412,4.312125541349618,0.1093595621972117,54.06695178555464,27199.0,0.001785295298131824
387.26288441145283,550.4580063626723,5310.951618101878,4.3548585755624165,0.07436975194988783,63.64130783091328,28185.0,0.0017228356050778295
390.1616046189932,683.1430805316654,4682.141704887589,4.559556902899541,0.06566473486150519,48.434977641226034,29228.0,0.0016613520665926269
389.4345465393795,484.18794749403344,4719.594332947374,4.456318085937638,0.03849458952960696,53.78535307833821,28353.0,0.0017126265669001675
388.52776833276664,858.338773659753,4969.090787541131,4.335296724315565,0.088156809322425,58.57253110101753,27298.0,0.0017788202002275997
391.4488771097782,394.397126516948,4037.5622640691795,4.531118670565944,0.07627227300078313,43.36620091133029,26957.0,0.0018013235509944292
392.4425307353282,1161.4736720018557,4855.888107240126,4.541178636640679,0.12256622284640357,48.716576348442466,20413.0,0.0023788486451186606
389.81407634628493,631.2661895023858,4957.263641838042,4.439186136158922,0.10241115827463144,54.91174790720393,29086.0,0.0016694634694569862
392.4115226337449,573.4667842445621,4789.994009751482,4.459089627457888,0.10542867245253884,51.53256342060677,27824.0,0.0017451899931234032
395.22510937292856,875.0141190507755,4248.198097067069,4.442594202196852,0.07696059066103701,46.463786690711025,28919.0,0.001679104872638524
391.9477921444255,992.4379726762625,4617.0924035205935,4.4660015174146155,0.0862295985801945,48.434977641226034,28640.0,0.001695463220119521
394.219665039929,703.3437777284827,5077.787888526674,4.457715662349176,0.07924172601502166,58.00933368658467,29484.0,0.0016469261045331295
396.2893758810714,1054.6671792900167,4394.629424819614,4.512999720189766,0.06126584842165517,43.36620091133029,26330.0,0.0018442219905806093
397.29458783330284,756.3782415034474,4615.121212570079,4.402439707687992,0.04413792524526747,48.9981750556589,29484.0,0.0016469261045331295
398.5028742239595,607.3852034950563,4898.691110737024,4.535741152677574,0.07476080224313592,48.434977641226034,28368.0,0.0017117209262105598
399.4521492007105,790.1757726465364,3963.5018040712584,4.415200612384689,0.09674421601855276,41.39500996081527,28660.0,0.0016942799808381957
401.3039625892198,891.1105094757569,4576.542189681428,4.3814687067866105,0.03554724228515585,52.37735954225606,29721.0,0.0016337923663990953
402.5049721419,526.4214683687143,3992.788069621767,4.269452522227112,0.09745847756391275,49.561372470091754,28834.0,0.0016840550648947804
403.5674282529953,1117.4023404848147,4042.6310407990754,4.354965971762943,0.059997323535780196,48.434977641226034,23127.0,0.0020996617540455136
401.80778875940405,363.5841569553031,1908.957636220182,4.230994313161577,0.4561357195278636,51.8141621278232,10486.0,0.0046313137039493395
404.8873639375296,459.09796497870326,4165.126478438223,4.454390290547439,0.0897766237257445,44.21099703297958,29919.0,0.0016229794188508237
402.62710090142485,823.2912474556557,4842.089770586521,4.496698410817453,0.05851659484977565,49.842971177308186,28335.0,0.0017137146015088955
403.97881404720783,1083.4559585492227,4891.369544349397,4.224513816204718,0.0483593961578988,59.980524637099684,26616.0,0.0018244035639915282
403.1757417490832,1100.5076119568841,5068.213532481315,4.401538538353563,0.07354075748870464,55.19334661442036,25493.0,0.0019047772516671885
404.47990005144413,673.4172852208422,3831.713609093969,4.211136010055517,0.05798559773605041,46.74538539792745,29341.0,0.0016549533201814686
405.3155977134242,936.2626421257617,4482.769820178356,4.4664223885369,0.08326139643075957,46.463786690711025,28432.0,0.001707867596565148
405.23071135430916,426.09938440492476,4116.973099504213,4.381764850045514,0.09281838747159211,47.308582812360314,28852.0,0.0016830043544159364
405.2023421800291,640.3404476474257,4063.7509438403076,4.36793521174452,0.0707959471874833,47.308582812360314,29802.0,0.0016293515205045715
404.58801498127343,1029.5304307116105,601.4948386142954,3.78278428262027,0.20776744559254648,18.30391596906798,14394.0,0.003373727453825405
409.2462328767123,907.9875342465754,4111.341125359884,4.405343890608377,0.03588193249902065,46.74538539792745,28886.0,0.0016810232520880254
409.3229859080032,730.113865993087,4236.37095136398,4.226928399027814,0.06333600138501747,54.06695178555464,30037.0,0.0016166031375548363
411.53832339630776,746.9711945980893,3920.135603159928,4.34071672747838,0.02058146516843119,45.90058927627816,29663.0,0.0016369871331278032
410.03925845147216,1006.09546941608,2840.4861596921337,4.2484434019235415,0.044098954494285095,37.73422676700168,29717.0,0.0016340122947434386
409.6204831437992,712.0,4184.838387943372,4.411234136751945,0.08138071139479189,49.561372470091754,29321.0,0.0016560822493061915
412.16919698870765,952.0117314930991,4488.683393029901,4.428378882075476,0.06418482066555345,48.1533789340096,28819.0,0.0016849316596513966
415.4957040266735,401.365670684791,4391.813437747449,4.5220102341869834,0.047562605326442714,43.36620091133029,28370.0,0.0017116002464813446
415.2710427516047,569.3607242339833,4650.321050972132,4.349128725775779,0.047802522758706854,55.75654402885323,29080.0,0.0016698079492297325
417.34730243696293,535.3795605014791,3998.1384450588794,4.336981643496407,0.09343145893177329,46.18218798349459,29877.0,0.0016252610974764076
415.1249102656138,1171.4482412060302,1961.334995762438,4.035396152864395,0.33566508792739086,39.98701642473312,7793.0,0.006232152770754465
418.51447552873776,614.507649174133,4620.1899892999745,4.3477894375457735,0.07339402362302778,51.53256342060677,29351.0,0.001654389432604362
415.10472703062584,797.1994007989348,4229.612582390785,4.38421086705057,0.08156430692423405,43.36620091133029,29505.0,0.0016457538354400594
416.8573252688172,922.9809139784946,4190.1887633804845,4.419417382415922,0.03260350100818381,47.308582812360314,29694.0,0.0016352780326588212
418.09188649966745,359.8713145643981,2540.5835365066355,4.301355902797065,0.3280151666140431,49.561372470091754,12939.0,0.0037531643916767503
419.5638492499085,631.4972557628979,3848.046334112522,4.2513078851092345,0.03991333822923878,45.90058927627816,29977.0,0.0016198390410471796
420.0275964583468,665.067149227687,4357.176796759828,4.414566699790711,0.025582461012521714,52.37735954225606,29533.0,0.0016441934034695646
418.55040676863,830.5178001952489,4326.764136380453,4.481897638636463,0.055299470336412936,43.08460220411386,28868.0,0.0016820714896224832
419.1147551672426,892.4140314272674,4318.8793725783935,4.405403097232987,0.03035023913649421,49.561372470091754,28631.0,0.0016959962171539634
417.9975257094255,967.1459058223151,3641.916080430095,4.331673575399409,0.12031738984502681,45.05579315462887,29472.0,0.001647596722693206
420.48038430744595,434.45709294708496,3868.884638446538,4.422925275902268,0.06067906084650655,41.39500996081527,28373.0,0.0017114192587897507
418.8053303124255,485.2609110422132,4722.973517433971,4.509767601094719,0.02560978880754173,52.09576083503963,30317.0,0.0016016716196309308
419.6785986290937,682.980959634425,4067.130128326905,4.437047646364042,0.0943742943843452,43.08460220411386,30173.0,0.0016093160715200331
420.351242364941,1076.3542074363993,4748.598999790666,4.502965741428786,0.045922190816340636,50.96936600617391,26607.0,0.0018250207275204236
419.74138044696423,468.07271408794253,4271.570789766033,4.472813991324573,0.04658670825365453,44.49259574019601,29942.0,0.0016217326408305467
422.08344187561056,1019.439352002605,3459.1585194466315,4.491226658723935,0.07598271511340572,36.60783193813596,28737.0,0.00168973988739523
424.5379704747972,719.5934964755952,4234.681359120681,4.274876733495442,0.04992970722424811,48.9981750556589,29413.0,0.0016509018883106201
422.1845420497106,856.6193394620361,827.0554030946562,3.8672207931875096,0.12098989723731132,18.86711338350084,15253.0,0.0031837049638609467
427.3447224296739,771.0728777694798,4524.728027553604,4.420669648300755,0.03046830493270736,52.37735954225606,29172.0,0.0016645414986936567
426.73396848662514,872.1520703554415,768.4828719936387,3.532241696634658,0.16709782259481126,24.49908752782945,15362.0,0.0031611122572707223
430.99237646406544,561.4470164252547,4063.1877464258746,4.352717555085907,0.009601889340972853,47.02698410514388,30263.0,0.0016045297632540734
429.3631454994543,599.3740593945661,4902.351893930838,4.3596961394046225,0.10836420305745541,58.57253110101753,29475.0,0.0016474290169574768
431.48061502243803,544.498786139925,3827.771227192939,4.267597536025758,0.06327390014952002,46.463786690711025,30182.0,0.0016088361560975303
430.33618175652765,804.3815530688369,4152.172937906267,4.3703973512484255,0.09056003822836249,52.37735954225606,29256.0,0.001659761929614206
430.9720930232558,1053.626046511628,908.1558307729881,3.8801422494502686,0.1798957237986597,20.838304334015852,13457.0,0.0036086723812604076
433.50334872228365,922.5287730021457,4330.706518281484,4.33887847735461,0.08883927206080201,49.842971177308186,28594.0,0.0016981909524950963
433.3510113780025,1102.3824905183312,4454.89154816393,4.3147938850591245,0.06926550120897694,51.53256342060677,25038.0,0.0019393943571159448
436.20544852498494,1176.1688741721855,1870.9418107459637,3.934766845243802,0.458370421488183,39.98701642473312,7755.0,0.006262698621906116
436.431401807179,373.34825499461164,3396.9252051518,4.556633777462441,0.06798661902095043,35.76303581648666,24973.0,0.0019444426396334437
434.17532334222955,640.3184835420516,4115.001908553698,4.343052967781456,0.06921113152831668,50.68776729895748,29939.0,0.0016218951554069299
434.1086902545003,1119.5665425201737,4536.555173256695,4.399099845849766,0.09573359585173574,48.716576348442466,24879.0,0.0019517898941700126
438.2763939041557,410.8352408348124,4601.041277209257,4.475391910197619,0.06702056984663039,48.9981750556589,27770.0,0.0017485838378180987
434.972201132979,690.5474507971734,4821.814663666938,4.462475025126782,0.025718454733285757,49.27977376287533,29925.0,0.001622653987630129
438.9974804472206,892.8594824418666,5364.736971180217,4.514081921491022,0.06543499116620895,54.348550492771075,29146.0,0.00166602647287884
439.25637818909456,939.0916708354177,4503.326525805155,4.4256404221957855,0.08242028052133647,47.590181519576745,29143.0,0.0016661979865682114
440.11310275183035,737.3264327190103,1115.412479284281,3.909445833564439,0.12320585706702714,26.18867977112803,17856.0,0.002719540813740953
441.51117399087605,1142.2658659121096,4876.4448128669255,4.38953329419607,0.08962831695923823,57.727734979368236,23361.0,0.002078628277719887
441.47781651085404,984.5019014419267,3554.338882485785,4.3375262594773805,0.07718850032652001,43.929398325763145,30005.0,0.001618327342150649
442.19803581744657,354.33240901213173,2437.2368109582053,3.8263430600472272,0.43577621635030295,64.20450524534614,11233.0,0.004323274069112709
443.47251170046803,572.3599375975039,4512.619283143298,4.362312000606974,0.08789067559787796,54.06695178555464,30451.0,0.0015946229796669135
442.3322582906822,760.3571478651055,4016.4423610279473,4.3523636659261316,0.03668637269101198,45.05579315462887,29407.0,0.001651238749840988
444.2273437079317,874.2296591459802,5229.569591716329,4.546785017808648,0.054764694264733245,49.27977376287533,28517.0,0.001702776634773472
440.42995992838263,1015.4769375053287,3302.8712369415125,4.3353637650362975,0.0426943384847705,37.171029352568816,27439.0,0.0017696787597746139
445.5043630017452,955.1487031353433,4679.3257178154245,4.383768690892237,0.03759928345987841,51.25096471339034,29380.0,0.0016527563294966283
446.3083614295347,536.0672960215779,4176.108828019664,4.425246334922739,0.03704397088418425,47.02698410514388,30171.0,0.0016094227582768746
443.9572078907436,1064.0185128983308,927.8677402781383,3.8584986898540556,0.21998191347996388,23.091093991747297,13375.0,0.0036307998967548393
444.682,608.3624117647059,4787.178022679317,4.443389008668152,0.05996250507162196,52.65895824947249,30848.0,0.0015740995587051145
448.0524110287866,469.2633304992105,4636.804313025744,4.4221198460639615,0.03538424645655575,50.12456988452462,30227.0,0.001606440866071506
447.1033909149072,828.2195777351247,4401.387793792807,4.307487269522143,0.05693945376005851,51.53256342060677,30101.0,0.0016131657269793352
448.2235163253288,630.3873585029118,4303.673042388707,4.2846747227242865,0.009948092977024653,58.854129808233964,30525.0,0.0015907569729470272
448.3249490957001,845.3248293208768,4702.135213099956,4.409481394767291,0.02565114123934383,53.78535307833821,29726.0,0.0016335175392076103
449.3359075823334,435.09790656114376,4412.088544667032,4.443292886159781,0.04974327664273903,49.27977376287533,28463.0,0.0017060073700665835
448.3598230944648,452.30253610669615,4075.0148921289647,4.40169930937724,0.053470967849401016,44.77419444741244,29153.0,0.001665626411555027
449.0905058155261,666.3998377062483,5205.352102895717,4.485591394631131,0.0477932165249518,55.474945321636795,29452.0,0.0016487156341023527
451.236488240486,709.2597476766523,5423.872699695667,4.287037752934225,0.07657621341265337,66.73889361029401,29469.0,0.001647764462576782
455.34569721996905,373.88135093282204,3818.760068562013,4.510334387754326,0.11617793750398918,39.14222030308383,26620.0,0.0018241294030530738
459.19907708306255,617.0256726894579,4332.677709231999,4.353796504321247,0.08577130720657325,52.94055695668892,30533.0,0.0015903401487938073
456.5453543672428,891.5570119475699,4855.324909825694,4.431024167942851,0.07792862504543173,56.03814273606966,29053.0,0.001671359869084738
458.1029133029133,581.144892944893,4011.3735842980514,4.37373057349434,0.10682167716211848,48.434977641226034,29744.0,0.0016325289264213477
458.56274376276855,768.379000804804,4548.6639176670005,4.409023125977098,0.08412732930576783,49.842971177308186,29403.0,0.0016514634005778187
460.01134958984153,800.4728059332509,5011.893791038029,4.422656935616185,0.02229368839776245,53.78535307833821,27706.0,0.0017526233046550473
459.2150109850959,911.9875898105813,4742.403828231905,4.430811252558424,0.028047618045443867,57.44613627215181,29206.0,0.001662603599012377
460.26380609236816,546.1054045201441,4298.604265658811,4.48348865149055,0.07971081572704122,51.8141621278232,30197.0,0.0016080369328149726
459.89660183322155,352.39872568745807,2519.1820347581865,3.900363130640623,0.38863823055921276,51.25096471339034,11664.0,0.004163495981437106
463.1030289507447,1047.2647403358064,5048.220024268949,4.556096863666869,0.04918789144760052,48.716576348442466,26602.0,0.0018253637766047998
461.7583422024667,494.08232642584363,4497.976150368043,4.3929207205766465,0.051894763150812005,50.40616859174105,29757.0,0.001631815672171106
463.50650423291347,834.4494459357147,4091.3476171475177,4.333656282803186,0.04218605116312599,48.9981750556589,27776.0,0.0017482060922561816
463.0543850408217,639.3953120884909,4276.921165203145,4.412986915450082,0.05216574450367484,50.40616859174105,30281.0,0.0016035759159896826
463.8942086673768,694.2047429500476,5022.87614061947,4.478155510140302,0.06340525959082914,53.78535307833821,29076.0,0.0016700376814007727
463.53862433862435,734.8504409171076,798.3323349585803,3.693552225477263,0.3043649099181608,21.401501748448712,15588.0,0.0031152755038841282
466.22218682298967,1003.0441570026762,4419.410111054659,4.480221462239035,0.01561826989858187,46.74538539792745,29051.0,0.0016714749408741742
466.40420094739466,928.0011219147344,4517.9696585804095,4.351793619166068,0.086350648996721,49.561372470091754,29922.0,0.0016228166869254055
468.0799574191259,852.231119522148,4761.552540322622,4.423510968378146,0.058696637248881696,52.94055695668892,27970.0,0.0017360796601610705
466.79855421686744,966.0477108433735,584.3173174740931,3.1487614700355953,0.20621349236280456,19.148712090717268,15536.0,0.0031257038795251026
468.15614284025065,1086.434019155729,4762.960533858704,4.408235598311542,0.06144850554689745,53.78535307833821,25674.0,0.0018913476489438496
466.14419420883297,1180.1004679730916,1925.5719599459512,3.779476140248282,0.3125595433347107,38.01582547421811,8608.0,0.005641958957050337
468.05692767748366,714.2258832650349,5085.109454914301,4.459841608696371,0.03217050830770295,58.854129808233964,29707.0,0.001634562374735539
466.99600456621005,1108.5011415525114,986.7218700863723,3.9197136695352572,0.42853684999488845,24.217488820613017,12100.0,0.00401344761594909
472.0629193482131,590.4228399287964,4113.030717603183,4.348701056218073,0.07666791723730257,47.308582812360314,30209.0,0.0016073981256864679
471.42613472101766,756.3413558832033,3896.1997130465315,4.302867865794021,0.050990561823779576,47.87178022679318,29511.0,0.0016454192078698207
473.2117373319545,626.1737978283351,4356.895198052612,4.380471906788514,0.008161133522067042,50.96936600617391,31196.0,0.00155653891405687
472.488899046624,944.1238735797309,4312.402602312416,4.282699798681461,0.03922156912477104,53.222155663905355,29139.0,0.0016664267264276471
474.23237731038876,988.261822817081,4418.283716225794,4.45239675217189,0.030382521740118983,47.02698410514388,28974.0,0.0016759172850835682
467.62618956985153,1132.1617814998096,739.7598038575627,3.9186143772038577,0.42120715595263836,21.119903041232284,11719.0,0.004143952378696891
475.2651094304263,520.2345224549896,4207.366284520687,4.342361185185573,0.06177630631622799,43.36620091133029,30510.0,0.0015915391074419012
475.37350148984825,1071.3800152449587,4063.7509438403076,4.291020997569219,0.048639470198189094,47.590181519576745,25579.0,0.0018983726349760313
475.0767730249408,537.5716176675492,4042.0678433846424,4.324890937566816,0.05177672662829474,50.96936600617391,30649.0,0.0015843206528407445
473.89281973699525,1018.2094728267194,4839.555382221573,4.557097326255341,0.037162566540267124,47.02698410514388,27717.0,0.001751927693598924
476.9559752246782,666.0813092057323,4637.367510440176,4.347725891485772,0.04796590405180862,54.348550492771075,29809.0,0.0016289688767335794
475.04922394678493,1165.4780487804878,635.0050847730506,3.8580695516266252,0.2094451069213731,18.022317261851548,11116.0,0.004368786335832904
476.4448330002855,503.21852697687694,3945.761085516623,4.396809044577558,0.06986737615185315,43.929398325763145,29754.0,0.0016319802139827177
478.3973453222008,800.4834082637551,1315.3475614079466,3.98788574466236,0.4691899358895301,31.82065391545664,10968.0,0.004427748648675026
472.90294561933536,878.2122356495469,745.6733767091077,4.527901083009948,0.3563330072545525,17.177521140202256,15644.0,0.003104122486785196
479.11200498908636,437.51468662301215,4515.435270215462,4.592777779632265,0.022120138567318957,43.929398325763145,28852.0,0.0016830043544159364
478.3257871454593,683.5430002602134,4328.735327330969,4.361308545612042,0.04772075323113496,48.9981750556589,29407.0,0.001651238749840988
478.9702156795618,390.43190688120507,4112.749118895967,4.407402506056566,0.03238864921690207,44.49259574019601,27802.0,0.0017465710790200912
480.0485852953325,1036.4971602643536,5454.003761367825,4.465365361865981,0.07925769216813079,57.727734979368236,26640.0,0.001822759833412977
482.1525054466231,1120.312854030501,646.2690330617079,3.6660130136323854,0.2547149875280592,22.809495284530865,12281.0,0.003954286905421292
485.2076028676426,930.0118079402374,4674.2569410855285,4.3903596146141926,0.067440471430712,53.50375437112178,28872.0,0.0016818384349871582
486.19103896103894,615.1941558441558,4336.620091133029,4.333979305831607,0.05821912070503128,50.40616859174105,29846.0,0.001626949312993686
486.2467716148075,853.4254089287911,4579.358176753592,4.389006121965944,0.04532572578970397,51.8141621278232,26168.0,0.0018556400150883032
485.08405667602756,974.3124840439111,4412.088544667032,4.444398792066899,0.054452412854270105,48.9981750556589,28670.0,0.001693688980305697
487.55517196456486,421.30823345492445,4323.10335318664,4.397751272919826,0.068482057733004,51.8141621278232,27944.0,0.0017376950806969745
484.9988761940438,743.9837672472997,4510.366493485566,4.44346672977701,0.075490726522255,47.308582812360314,29559.0,0.0016427470781675698
487.3707597059203,581.5075454662712,4366.46955409797,4.372260801571788,0.02551803451166812,48.1533789340096,29685.0,0.0016357738553584957
488.2533939322394,761.2301381182859,4770.845297660764,4.404135702446339,0.04974444800747905,52.09576083503963,30584.0,0.0015876880212971375
490.21706533380933,529.3755801499465,3943.789894566108,4.303481980693983,0.07286218376434658,48.9981750556589,30933.0,0.0015697738502639103
490.96141833547676,947.027497091065,4598.225290137093,4.5118972972459535,0.01781663236338625,52.94055695668892,29510.0,0.001645474969681332
491.19044740024185,1103.5154171704958,931.5285234719519,3.9718248937609157,0.2922902146607645,19.99350821236656,12687.0,0.003827724727732943
491.4193616127677,656.4278314433711,4022.919131293925,4.272751440454097,0.05011150909227681,49.27977376287533,29655.0,0.001637428771398756
492.2298392046152,1064.053271142752,4588.369335384517,4.463433803230622,0.039759379056826714,49.561372470091754,27118.0,0.0017906282731408973
492.6209912536443,903.9810495626822,965.8835657523564,3.848857314048769,0.17936896666765556,22.527896577314436,15248.0,0.003184749075819969
494.10763789857964,1140.121670184245,4936.706936211242,4.5409424766491355,0.039185330932656345,50.68776729895748,24269.0,0.0020008520824278293
495.2236865072438,352.3813056379822,3226.55798728586,4.197556412892328,0.11917958310005461,51.25096471339034,18542.0,0.0026189148381811976
496.279296615793,390.28400796284006,4243.692517751607,4.470228881257587,0.06030069340820601,44.77419444741244,27828.0,0.0017449391212251762
496.1263457884737,880.922735908803,889.2887173894873,3.498167438457706,0.35451792467361515,26.75187718556089,14889.0,0.003261549328892644
498.8857602574417,1041.748189863234,700.0543861400461,3.47974254880348,0.14230086855491214,18.585514676284408,13021.0,0.0037295251245744562
498.5483490566038,1118.1288325471698,955.182814878132,4.044526641612957,0.21744663846334147,22.527896577314436,12767.0,0.0038037358426133865
501.06811125057806,624.2914712294378,4262.559631135107,4.419749738601303,0.06695195426136984,46.74538539792745,30183.0,0.001608782849829748
501.4914089347079,643.2409871915027,4506.987308998969,4.278014236849168,0.012331678294823538,54.348550492771075,30039.0,0.0016164954967483377
501.01249531425714,861.0593527427214,4507.268907706186,4.434523720171729,0.04957049792166563,54.06695178555464,26605.0,0.0018251579316800174
503.0905718525282,1158.2633831754365,4934.172547846294,4.450516784167779,0.11720609504435738,54.91174790720393,23373.0,0.002077560991528618
502.3532451740386,1182.189086487308,1852.6378947768958,3.9129842203152227,0.3558050467338632,34.918239694837375,8535.0,0.0056902260713386655
502.9626494023904,598.7380478087649,565.4502040905924,3.7084349852519507,0.2104949729035698,18.30391596906798,16544.0,0.0029352365463866954
505.33387928419774,785.5567485592964,4642.154688462856,4.280376819901705,0.0406744273398465,55.474945321636795,25517.0,0.0019029855736534262
503.34353630739173,802.3509171822425,5188.737779169947,4.4133418199539785,0.03444339859012776,56.88293885771895,26552.0,0.0018288013739283337
506.25549851048993,683.2473854344933,4442.782803753623,4.430672075673166,0.03018786800738133,51.25096471339034,29430.0,0.001649948193269153
506.45394206314745,942.5852614602072,4539.652759036075,4.396032745754184,0.08235981460189656,50.96936600617391,29692.0,0.0016353881895032037
507.1625648449753,453.2385691880806,4668.343368233984,4.531161792814838,0.04422317675634886,45.61899056906173,28762.0,0.00168827105896069
505.87982450939705,487.151182782949,4749.725394619532,4.581100575253002,0.025036080236532726,47.87178022679318,29575.0,0.0016418582958847453
504.9767203888463,520.4644410335125,4403.077386036106,4.3625214908346726,0.038300674821978846,48.434977641226034,30287.0,0.0016032582188671987
507.01403032360264,665.0268160217244,4977.5387487576245,4.5218285787285435,0.03854999006888712,52.65895824947249,30411.0,0.0015967205472112993
507.37728433876987,719.4693128970983,4299.167463073243,4.391266930749081,0.0504460112944258,47.308582812360314,29048.0,0.0016716475782711491
503.674775074975,977.4518493835388,5070.4663221390465,4.4894757652643005,0.07865997360102185,50.12456988452462,28143.0,0.0017254069106623906
507.4733147517291,825.3154743470631,5455.693353611124,4.543777856435119,0.02335780642436499,56.319741443286084,26752.0,0.0018151280896377556
510.19356123087425,847.0940219555201,4950.786871572063,4.444463562264149,0.03629151659650486,61.106919465965404,26472.0,0.0018343285421280934
508.95342771982115,430.65238450074514,755.8109301688993,3.585032638121087,0.20921379195097553,21.964699162881573,16190.0,0.0029994244703373764
507.6679438058748,1016.6433588761175,881.9671510018601,3.733157152383671,0.29352937078168373,23.654291406180157,14385.0,0.0033758385265803235
511.59123839710213,959.5499773601993,4975.285959099893,4.48952318501618,0.027440541834894257,49.561372470091754,28261.0,0.0017182021950813368
513.1676548282946,736.3081890226006,4797.033977431893,4.500425574240829,0.0494203010494698,51.53256342060677,29711.0,0.0016343422983012474
512.0082487309645,910.941307106599,887.5991251461887,3.589280077129844,0.204835233179578,25.9070810639116,15426.0,0.0031479956039255205
512.9946808510638,349.5534954407295,1852.9194934841123,3.8394251406082063,0.2814775175812138,39.70541771751669,10026.0,0.0048438441855034155
515.375,633.1448317307693,3748.641990465122,4.233583253399128,0.07452897438420374,52.09576083503963,30333.0,0.001600826716698067
516.0690317478251,754.4675177945995,4984.860315145252,4.409652419339094,0.06865190302111866,59.41732722266682,28843.0,0.0016835295457151998
513.9281670650396,872.2338658950812,4476.856247326811,4.360918742452558,0.06959754980031997,51.8141621278232,26882.0,0.001806349566460436
515.2543618546845,1042.4164077437858,4712.835963974179,4.374375126093537,0.05545704054636258,52.37735954225606,26503.0,0.0018321828043310925
516.3686546860457,549.1643874847856,3933.0891436918837,4.213574058151111,0.05186503623645844,50.96936600617391,30249.0,0.0016052724293376544
515.9961822346653,566.0573301094427,4425.605282613421,4.36001551621132,0.06186406945542309,49.561372470091754,30490.0,0.001592583150614834
515.8165413533835,608.3654135338346,561.7894208967787,3.7289761541064776,0.043191391870730005,18.022317261851548,16787.0,0.0028927424904225726
519.3703988220984,402.91076115485566,4398.85340542786,4.441426113769829,0.07429386535834161,46.463786690711025,27862.0,0.0017428096186200425
518.4631997912045,889.234242463787,4315.7817867990125,4.335085489494604,0.05779793989413089,50.68776729895748,28792.0,0.0016865118320742668
517.7052276317679,531.5200344679017,3921.5435966960104,4.328173885797083,0.08082055281672311,44.77419444741244,30114.0,0.001612469288399207
519.1621570720071,774.135287839789,4485.585807250521,4.351944240262009,0.059801635974459734,55.75654402885323,26884.0,0.0018062151754211122
521.0262529832936,932.5061550056525,4483.614616300006,4.429711778309012,0.03182625214834893,48.434977641226034,28761.0,0.001688329763067313
519.1699908821519,1082.3838044221563,4941.494114233921,4.4383552174988585,0.033888989009898215,54.348550492771075,26823.0,0.0018103231188136679
521.3669653566641,374.46299301488745,3991.0984773784685,4.477244770683401,0.06152386320811522,41.39500996081527,25532.0,0.001901867485516117
521.0166508087535,505.95528068506184,591.9204825689368,4.021765237208157,0.14466754910283228,16.051126311336535,17166.0,0.002828867532514622
523.2255608270368,1063.937737948808,4807.734728306117,4.404634864979982,0.0672059022075939,51.53256342060677,26682.0,0.0018198904207522156
523.9693913043478,989.3512546583851,5667.173982730663,4.535721572841019,0.06930169659967567,55.474945321636795,28191.0,0.0017224689011941993
527.5160133697964,1029.492737769675,4633.706727246363,4.346388953030321,0.08377273403259987,54.91174790720393,26080.0,0.001861901858709705
527.2275305537688,434.31530319864333,4815.619492108177,4.480698849900319,0.0443050984777002,48.716576348442466,29281.0,0.0016583447344732925
531.2928912185641,820.518051710937,4781.264449827772,4.379119643368231,0.0722027027983664,53.78535307833821,26213.0,0.0018524541839748108
530.1416302970575,591.5823595663804,4000.3912347166106,4.328049750372642,0.007140682980856104,49.561372470091754,29822.0,0.0016282587291966302
529.5488535124872,624.4149262450709,3856.2126966217984,4.175708508869394,0.0578771819810582,53.50375437112178,30074.0,0.0016146141003200267
530.4106738782493,660.3193332965395,5102.286976054503,4.329615565800737,0.061667279941917924,62.79651170926399,29551.0,0.001643191830248083
531.0904549750236,874.0201836100986,4171.6032487042,4.391753443945503,0.036386734061393484,48.434977641226034,26159.0,0.001856278496713522
524.4146809531425,1182.4196385734847,1760.8367162243396,4.158059770937863,0.4240419311700068,31.25745650102378,7865.0,0.006175086087131353
530.1936286709806,913.9213539074166,565.7318027978088,3.490369314159817,0.12831978388084359,17.740718554635116,15242.0,0.003186002914520083
530.6804425642695,350.02261633582816,1730.7056545521814,4.191421204667522,0.24170664945946987,31.82065391545664,10167.0,0.004776654571808553
531.0680944535969,574.1395524437122,4102.329966728958,4.385627830337105,0.1139271923817108,44.21099703297958,30915.0,0.0015706878972555265
532.2958781265194,785.2145210955648,5212.673669283344,4.532858921791188,0.057758301692986534,53.222155663905355,26860.0,0.0018078291888864455
532.1532310492784,1049.447926147445,4331.551314403133,4.389537625638533,0.04419440560398519,49.561372470091754,27485.0,0.0017667167381511682
532.3286417270755,965.1482618127943,5321.933967683319,4.472224691670577,0.08025044430279885,58.57253110101753,28820.0,0.0016848731916105305
532.5814592879802,541.1577017976736,3994.477661865066,4.501188500867119,0.036456463036398705,42.803003496897425,31946.0,0.001519993572229637
535.2203867584399,1076.3188462799083,4295.788278586646,4.46574052242569,0.07456606938768537,46.463786690711025,27994.0,0.0017345911662859847
535.0628390321205,470.5589687328579,4620.1899892999745,4.382792974917497,0.047876848178428404,54.348550492771075,29100.0,0.001668660235788994
534.4384724186705,682.3219107625048,4379.986292044359,4.289187868396522,0.07090978178823393,57.44613627215181,29839.0,0.0016273310084531434
535.0851348496585,700.5265826350256,3998.9832411805287,4.376713703620758,0.02345072947261009,54.63014919998751,30022.0,0.001617410900772313
534.509907606485,845.1875762682317,4846.032152487552,4.480269047564781,0.05738392817348378,52.65895824947249,26256.0,0.0018494201492502082
535.4553272814143,410.1470206811822,4125.702659427922,4.424161298406875,0.09611684137971603,45.3373918618453,28184.0,0.0017228967375724252
536.3134485666104,890.4629005059022,4007.7128011042378,4.387970614736998,0.04614003132577554,46.74538539792745,28488.0,0.0017045101365831064
536.3731194827801,1125.4263334576651,4529.7968042835,4.433043107430962,0.05344918474637775,50.96936600617391,24286.0,0.0019994513867600977
538.2192612791274,935.3513262270699,4543.876739644322,4.422702787936514,0.06989110435438879,47.02698410514388,28831.0,0.0016842303108700087
540.5456310679612,716.3244727150988,4205.676692277389,4.221083117514769,0.09565947225558397,51.53256342060677,29503.0,0.001645865408211273
539.3710059910135,1153.0896779830255,4512.337684436081,4.4315958116510625,0.06513939032494845,49.842971177308186,23125.0,0.002099843362166021
541.0385964912281,733.4758857929137,4093.0372093908163,4.241391857015916,0.03353378033634567,54.06695178555464,30190.0,0.0016084098048406439
542.2320248290132,752.0752342088625,4899.535906858673,4.394558496153347,0.10705898762435391,54.91174790720393,29752.0,0.001632089926959853
545.0618332801022,616.1960396039603,4408.427761473218,4.343352134135418,0.00951252791100152,52.37735954225606,29559.0,0.0016427470781675698
545.5704818198101,669.1815630783927,4716.496747167994,4.398027662740219,0.03705235945202425,58.57253110101753,30042.0,0.0016163340624129642
545.102657854029,831.4518351849248,4004.8968140320735,4.310935557113331,0.05715601773281498,50.40616859174105,26612.0,0.001824677807353432
543.967483938639,1036.3899960666056,4295.50667987943,4.281884538831115,0.06811235573426187,54.348550492771075,26366.0,0.0018417037078316868
547.2137705656976,442.26419878296144,4997.813855677207,4.458678890009805,0.04792195363212157,54.63014919998751,29496.0,0.0016462560320718068
545.9708994708994,515.1908336908336,3938.439519128996,4.199633631273404,0.0567295444418665,56.88293885771895,30965.0,0.0015681515018900764
545.880300015307,583.2932802694015,3679.36870848988,4.399323661195304,0.061717474367272436,39.70541771751669,30569.0,0.0015884671401140717
545.4846713512841,634.0992475592313,4528.388810747418,4.488534682726084,0.032008820737895016,48.1533789340096,29726.0,0.0016335175392076103
550.0627151709892,480.1212990589855,4907.70226936795,4.543474488922499,0.04335848520313455,49.842971177308186,30850.0,0.0015739975034757827
550.322855931305,968.2155729884448,5312.641210345177,4.6401631623948,0.038518476220340395,48.434977641226034,27751.0,0.0017497811097890695
550.2985455177609,691.1281798690386,4859.54889043394,4.466768347514773,0.018074213402404237,52.94055695668892,30375.0,0.0015986130817245427
551.1449922693695,351.4389280192407,1639.1860747068415,4.437022329604626,0.3294941736919671,27.315074599993753,9222.0,0.005266236072281469
553.2320821344493,891.4100837038975,4306.207430753654,4.4370064115226695,0.04569521218482407,50.12456988452462,27239.0,0.0017826734298180254
552.2168004941321,1076.0560222359481,4559.083069834009,4.461412346279264,0.07353454874140347,49.561372470091754,26901.0,0.0018050736584628642
554.9784810964709,937.5052638548633,4252.985275089749,4.404195840911065,0.042958679483873545,45.3373918618453,28779.0,0.0016872737133778737
553.2925085667022,1004.4797943991492,4766.339718345302,4.381880235061518,0.09170953013533228,52.37735954225606,23912.0,0.002030726794606446
557.128699204947,862.0733215547704,5100.315785103988,4.5639171403862,0.06047284545749443,50.12456988452462,25582.0,0.0018981499954448607
556.9913315333239,724.0526502771067,3963.220205364042,4.347073060689163,0.022387037083672404,49.27977376287533,28909.0,0.001679685737208503
557.4747774480712,781.3764927263516,3890.8493376094193,4.344920974992727,0.05609067493134492,51.25096471339034,26882.0,0.001806349566460436
557.1503614777475,741.9265105790276,4245.663708702122,4.462760358705651,0.038754845719596295,44.77419444741244,29554.0,0.0016430250199994854
559.2571285140563,541.4534136546184,2804.723123875647,4.325754107017355,0.10049194270072476,35.76303581648666,32623.0,0.001488448376406836
556.9227960020502,761.4145950794465,4395.192622234046,4.427718363063988,0.07770157524935462,51.8141621278232,28614.0,0.0016970039041938937
561.3434509887306,824.5670848394642,5297.43488015549,4.39113962037635,0.020367048036332994,61.106919465965404,27927.0,0.0017387529436355684
561.0511160439019,1034.1132075471698,4566.9678336360685,4.577938000876517,0.010367523972306211,44.21099703297958,25257.0,0.0019225767977182266
559.9938059187887,803.5423835742142,4909.955059025681,4.496353445918337,0.03866826702518196,52.65895824947249,27563.0,0.0017617167767990747
561.2735430073416,506.56050031723015,3106.878536718877,3.9659339738532324,0.030426663361887527,47.02698410514388,29676.0,0.0016362699788201286
560.8444909815578,574.4477470782949,4168.50566292482,4.329984658378778,0.059074879548887835,48.1533789340096,30106.0,0.0016128977948041334
559.8031956352299,1179.145557287607,1445.164565434721,4.041604560086145,0.22393370928655296,23.93589011339659,8654.0,0.005611962391227275
565.2378911829633,922.4446825087651,4337.183288547461,4.4087731709188605,0.07615158570444806,45.05579315462887,28056.0,0.0017307576782010327
566.3772382397572,1017.3901669195751,4639.338701390691,4.501498654511691,0.07302694229623966,46.463786690711025,24990.0,0.0019431197833579379
565.4905472636816,1113.4189054726369,849.0201022575378,4.142687217226015,0.321092263716368,18.585514676284408,13015.0,0.0037312447250360667
565.0048797290315,1137.9672771112005,4905.167881003002,4.401677315481058,0.06735855152673342,59.41732722266682,24577.0,0.0019757752731466693
567.3780943336499,483.44305159860716,4447.851580483519,4.356189267231222,0.07845858014125674,52.65895824947249,30137.0,0.001611238599803468
570.5931293265187,455.82525716503847,4352.6712174443655,4.347529841304432,0.09696069489239374,50.68776729895748,28742.0,0.0016894459172784359
569.543202764977,596.854262672811,488.85535572772324,3.8906422058824104,0.4173948171613042,15.769527604120105,15773.0,0.003078732089896825
571.198402491031,381.3488120219319,4160.057701708327,4.465698444889719,0.028199980350515384,41.676608668031704,25765.0,0.0018846670342974657
570.2495133604672,352.74712440276056,1591.3142944800484,4.112577012439026,0.492536795921162,33.51024615875522,8652.0,0.005613259955663469
572.3062045193412,939.4901697944593,4411.525347252599,4.502393082565636,0.0152253357838507,48.434977641226034,29342.0,0.0016548969141265896
570.6743736951984,984.4712421711899,5395.431230266807,4.558286404758693,0.028826165177218532,51.25096471339034,25803.0,0.0018818912750811095
572.1068859198356,418.863309352518,547.9910842431736,3.7136729670872772,0.2564640211173347,17.740718554635116,16175.0,0.003002206352692461
575.0588949605343,550.2730505681326,3246.5514954982264,4.5229630663778195,0.05873647990300511,33.51024615875522,33406.0,0.001453558684069761
573.1890028072745,651.3319907237886,4614.276416448429,4.471050949682185,0.032126882209011734,46.74538539792745,25563.0,0.001899560928435247
573.0544436095362,633.4712070496619,4122.323474941325,4.278961985961123,0.038628287160584994,49.27977376287533,25081.0,0.0019360691058376497
574.3868011496123,1094.513421181064,5192.9617597781935,4.412081210051411,0.11303622922640173,54.06695178555464,26369.0,0.0018414941613398854
574.9216882786677,532.3839308415968,2215.0554309644417,4.077466246843994,0.04954259914607809,30.131061672158058,33058.0,0.0014688611559833065
578.156862745098,397.87364620938627,3978.144936846513,4.516888234535105,0.022812257023436713,39.14222030308383,26561.0,0.0018281816511981606
579.1097267450092,471.0597479824437,3977.8633381392965,4.290640898560738,0.0406169868741459,48.1533789340096,30381.0,0.0015982973478183128
579.449984962406,876.4531729323309,4681.578507473156,4.406256658929539,0.07448696978689727,51.25096471339034,25593.0,0.0018973340970929865
580.5380814336539,440.98286994333904,4274.105178130982,4.403569210845092,0.02329852055162197,44.21099703297958,28293.0,0.001716258733146034
576.5129988097475,498.0415961911921,4495.160163295879,4.534622528768943,0.06376606514510044,44.21099703297958,31572.0,0.0015380004680596137
579.197364012063,682.5422204847537,5042.306451417403,4.373895482155397,0.08046763385607449,57.727734979368236,27768.0,0.001748709789284368
581.3637132448608,1139.0065703877178,4328.735327330969,4.255042469454544,0.08845085236816506,56.319741443286084,24394.0,0.0019905984513075375
581.4379378283713,828.013080122592,5145.371578258617,4.42278445430556,0.10007352359530967,59.13572851545039,29486.0,0.0016468143879118232
583.5575378538513,926.2493087557604,4277.484362617578,4.464445158443009,0.026709748999408357,48.1533789340096,29245.0,0.0016603862631257486
583.591859596714,760.2356235997013,3770.6066896280036,4.255945189357709,0.06498327876599781,50.96936600617391,29427.0,0.001650116412319752
585.1615163267859,845.4219942449644,4501.6369335618565,4.342349479155753,0.07909062146095466,46.463786690711025,29510.0,0.001645474969681332
580.9793211080764,1176.1714787358565,1443.4749731914224,4.1137029179596585,0.30942773155620257,25.06228494226231,8145.0,0.005962753366202794
585.1496486151302,896.4207169432469,4768.310909295817,4.307415675297569,0.05561538367802278,56.03814273606966,27679.0,0.0017543330578518378
583.0217204424322,969.5104017422202,4913.615842219495,4.386082689529488,0.0521810902055682,52.65895824947249,27891.0,0.0017409973811952017
583.9475606276748,742.1777460770328,4935.017343967944,4.3448232761527334,0.09311406727624943,57.44613627215181,29941.0,0.0016217868087372138
585.0825087456271,723.132583708146,5634.790131400773,4.588493528770441,0.03182096870917151,55.75654402885323,29991.0,0.0016190828387397211
589.4070026601481,559.1496153569631,3916.756418673331,4.392458847847173,0.09939138684444447,44.21099703297958,31520.0,0.001540537939954501
588.3377248543197,592.0960222954143,4445.880389533004,4.377893194436115,0.11570126552711361,52.37735954225606,28949.0,0.0016773646869073927
588.2393769640661,625.3295532176527,4122.041876234109,4.3066943000992595,0.04590433861305823,51.25096471339034,25424.0,0.0019099471698722282
590.1520005406867,861.5077047850771,4166.534471974304,4.396376829175887,0.03012517971715928,45.61899056906173,28940.0,0.001677886363776351
593.4815051020408,912.3894132653061,4415.467729153629,4.47659730927272,0.053345021529349064,44.77419444741244,28805.0,0.0016857506385086706
591.2983472350942,524.0583873957368,3646.140061038341,4.373218336191605,0.044829113776499,43.929398325763145,31144.0,0.00155913797766021
588.7432829554996,1040.2827455919396,5366.144964716298,4.529083180781546,0.05666387226222346,53.222155663905355,25244.0,0.0019235669531798634
591.5320034267531,1091.0035491371925,4601.886073330907,4.476348320301413,0.05269225799171681,45.61899056906173,26027.0,0.0018656936289572776
590.967941059339,1011.0983671843887,1414.1887076409137,3.7633870963901637,0.22518433064342855,33.791844865971655,11532.0,0.004211161354237384
594.1506496848064,692.4556799176637,4377.733502386627,4.4346100294693,0.06183402393118123,49.561372470091754,30162.0,0.0016099030237819805
593.9265889536497,1151.4446988620593,4058.4005684031954,4.35422439163783,0.07879687094351931,47.308582812360314,22174.0,0.0021899097325565513
596.2123453469608,471.4909897794513,4187.935973722753,4.369437599753403,0.08127863877263594,47.02698410514388,29778.0,0.001630664807855952
595.4334829046325,882.2689755419326,4455.7363442855785,4.3194136477367,0.08232157305978442,53.78535307833821,26869.0,0.0018072235959195105
597.1828703703703,960.1212062757202,4379.423094629926,4.437588751793157,0.05691757863246877,50.12456988452462,29312.0,0.0016565907700574216
597.5939721353426,397.48393517202163,3961.5306131207435,4.316587285000123,0.036441499410759845,43.36620091133029,26130.0,0.001858338818531394
598.187406922023,770.559480550426,4727.197498042217,4.417805700566577,0.04860823863981065,53.50375437112178,29367.0,0.0016534880113138841
597.5272264631043,790.3072660446707,4980.073137122572,4.463365154088082,0.03684059771767927,56.319741443286084,28225.0,0.0017203938576205399
601.1764158623096,1119.2620653564368,4842.934566708171,4.457830479898285,0.059900232862826946,53.78535307833821,24767.0,0.001960616888710051
601.28,413.536,3660.7831938135955,4.295095593097568,0.053343729583749736,41.676608668031704,27223.0,0.001783721252491944
597.444580078125,1056.2509765625,4613.713219033996,4.524064885248387,0.05043256085320796,43.64779961854672,24315.0,0.001997066485506963
601.2385124060363,977.2836715085062,4982.325926780304,4.468551602914455,0.04697137349796405,49.27977376287533,28318.0,0.001714743459901478
601.9810949875701,993.9692432213678,4870.812838722597,4.445262992078224,0.060831371119572236,52.37735954225606,26329.0,0.0018442920411902636
603.2440561622465,487.4763182527301,4512.619283143298,4.4242136190113905,0.04695734379460084,54.06695178555464,29818.0,0.001628477170174449
602.2183930425753,848.4598260643821,4338.87288079076,4.379635209587099,0.026680976545306004,54.348550492771075,30627.0,0.0015854587772822274
601.9018967661691,359.45133706467664,1811.2428848160805,4.385497356592136,0.3079801156176868,30.412660379374486,9714.0,0.004999453771188864
603.1260954542589,634.3891305718429,4466.437095159803,4.407638193721916,0.062261057211803764,48.9981750556589,25572.0,0.001898892330380216
603.3340556157458,600.579126038281,3898.7341014114795,4.3305877903962,0.07846663911001837,44.77419444741244,27914.0,0.0017395627671166751
601.6368140243902,1172.6989329268292,1477.830015471827,4.136348026943574,0.32884497584578637,23.091093991747297,7264.0,0.006686133970351302
604.2354865655019,567.2890157315885,4045.4470278712397,4.366310407409777,0.08970582844978897,47.87178022679318,30187.0,0.0016085696600783332
606.3746816273147,946.0485991601845,4090.784419733085,4.356956049239714,0.032820948909800626,46.18218798349459,28278.0,0.0017171691832211233
606.265063228366,659.8390776097198,1135.687586203864,4.005141748612841,0.23910130914142141,23.654291406180157,11545.0,0.004206418642173843
608.0336263987211,720.4215574332039,4932.482955602995,4.477335020732081,0.04540631262667555,55.19334661442036,29067.0,0.0016705548099800864
608.987751471192,428.3686875598741,4115.283507260914,4.381063609703122,0.05500963755657712,47.02698410514388,29436.0,0.0016496118580402632
608.5664195551993,682.5441795231417,4216.377443151613,4.251219176826135,0.05793340786951926,54.06695178555464,28455.0,0.0017064870404622026
609.227316509343,1009.5361202080524,4385.3366674814715,4.357631838860285,0.07685080566190453,49.561372470091754,25097.0,0.001934834712017587
612.2728440249149,1144.0832851730559,4385.3366674814715,4.339550193729948,0.08863371183369179,53.222155663905355,23080.0,0.002103937866683305
614.5005484932568,837.2239143059948,4363.935165733023,4.348048999562965,0.046847809884002965,49.27977376287533,28687.0,0.0016926852250839066
613.4678534031414,444.42401396160557,4033.901480875366,4.296368042837035,0.050249729301045036,48.716576348442466,28850.0,0.00168312103527393
616.2353370786517,504.4552808988764,5012.456988452462,4.444634437262403,0.10637986684678348,56.319741443286084,29718.0,0.001633957307106596
616.3942753477122,1024.402674192031,4191.033559502134,4.3457303842661466,0.11614154978172286,47.590181519576745,24449.0,0.001986120071914566
618.1356624047062,523.5415090941833,4691.152863518515,4.396825303951317,0.04072083331049369,50.96936600617391,30890.0,0.0015719591742844124
616.5774708410067,1062.3868631062,4587.242940555652,4.479124212827205,0.08934326346408514,46.74538539792745,24152.0,0.002010545653870912
618.4171192849776,576.3710553454796,4095.8531964629806,4.3146285182622135,0.06996446870302002,47.590181519576745,29989.0,0.0016191908244104847
618.1588032927879,610.0845927018062,4583.863756069055,4.550963276097248,0.06576921091571601,47.02698410514388,26960.0,0.001801123092064774
618.1354611566431,903.1830774558467,4878.979201231874,4.47070963086243,0.09187342570405806,52.65895824947249,26645.0,0.0018224177622810417
621.4994333920927,460.1033744648703,4472.913865425781,4.4327922852270865,0.0515009531051925,47.02698410514388,29407.0,0.001651238749840988
619.5609303476432,994.1519856488927,4552.324700860814,4.370838718405599,0.03684114338252757,50.12456988452462,26538.0,0.0018297662226198948
618.8900586126445,542.2475957434701,4948.534081914332,4.529668505912909,0.0658323890165003,52.09576083503963,30168.0,0.00160958281493706
622.3811864014801,710.172294172063,4870.531240015381,4.439847475524406,0.007740412689666027,55.474945321636795,29826.0,0.0016280403468135057
621.4134892191998,870.4334645437989,4793.091595530863,4.503711203606126,0.04400618439607979,49.561372470091754,27605.0,0.0017590361942425887
620.9542797181832,364.6835556888023,1878.5449758408074,4.191167161613245,0.36103999606456744,29.004666843292334,11130.0,0.004363290016561287
623.3503715244487,692.0940795781399,4699.319226027791,4.42330374397975,0.08255281959836558,48.434977641226034,30418.0,0.001596353074631731
623.2826509143874,948.0913578248908,3479.9968237806474,4.220343152667374,0.046424684489901995,42.803003496897425,28544.0,0.001701165851416952
623.599106020394,1040.2014946221539,4031.930289924851,4.264830987229135,0.05934223832268418,49.27977376287533,24539.0,0.0019788351206536732
623.2790649884408,791.4600565116876,5481.318835967819,4.474128615578542,0.052193880533185216,56.601340150502516,28267.0,0.0017178374607702046
623.8872598022881,809.5731978229479,5070.4663221390465,4.383287203557944,0.05547308966729823,58.2909323938011,28864.0,0.0016823046088561544
627.0564061240934,429.34434595756113,4193.567947867082,4.4900433019154145,0.043710829407255646,42.23980608246457,27809.0,0.0017461314055520728
626.040959040959,752.1841316578159,5355.725812549291,4.589259974542594,0.027276921943854223,54.63014919998751,28757.0,0.0016885646203243523
626.0793800931316,918.5085128055879,3870.2926319826197,4.2873368512285355,0.10812337638971574,45.90058927627816,26127.0,0.0018585522163382438
625.5823746472759,657.1621988278706,5189.30097658438,4.415345844141483,0.06323144379475003,59.13572851545039,25016.0,0.001941100069350485
630.24681601463,964.0640715825224,4311.557806190766,4.2523126826088395,0.041426688696107584,48.1533789340096,29267.0,0.0016591380654462477
628.144789510007,1152.1701863354037,4080.365267566077,4.216730291911897,0.0833516233048487,50.40616859174105,22003.0,0.0022069305345126947
631.5486545454545,1055.187709090909,3871.9822242259183,4.29520663065236,0.05440390873507462,44.49259574019601,25359.0,0.0019148431194988599
632.0488270209157,512.0964527981911,3985.1849045269237,4.272382289071092,0.055879593198295906,49.561372470091754,30297.0,0.0016027290033106868
632.0793735635256,635.4730343684857,5268.430213312197,4.555998489972626,0.021114241114277,51.53256342060677,25343.0,0.0019160521284955275
632.4554013529535,585.3855220029291,4037.8438627763962,4.287004611166184,0.08531187970856728,48.434977641226034,30322.0,0.0016014074916743586
633.1422036335119,934.0529342569599,4309.023417825819,4.461279997172868,0.0655154059774222,45.90058927627816,28549.0,0.00170086789257714
634.4355536015241,1025.139810947461,3842.977557382626,4.249578102240657,0.0550179265784538,48.716576348442466,26162.0,0.0018560656206915247
633.5586775996239,980.1373583328981,5391.770447072993,4.4681693707223,0.036885927985850595,55.19334661442036,29133.0,0.0016667699539984963
633.0963812886143,1119.3629891144453,4785.770029143236,4.510306591429322,0.05712489453339884,47.308582812360314,24269.0,0.0020008520824278293
636.2800654982109,1087.0378434107588,4643.281083291721,4.473003772737606,0.04822443557088047,51.8141621278232,25757.0,0.0018852524483801288
638.3962805961985,682.4239026391358,4118.662691747511,4.3285833008720696,0.07027054465899539,50.68776729895748,29187.0,0.0016636859863590648
640.8099187400519,949.1786043394487,3361.4437680425303,4.115642175108201,0.0774522513767405,43.929398325763145,28332.0,0.0017138960750304672
640.2770327729444,665.2873683521947,4304.799437217572,4.302595813986716,0.07820615938321564,53.50375437112178,27646.0,0.00175642729179628
643.0531357772385,1010.9907395580534,4409.272557594868,4.405788468262952,0.012034378221472982,47.02698410514388,25864.0,0.001877452508019541
640.5614140203714,546.673457159976,469.9882423442224,3.7215064886731914,0.21979042697286147,16.614323725769395,16220.0,0.0029938761433816936
643.2322274881517,1041.068687917938,4337.464887254678,4.436536260359264,0.032584780754464485,43.08460220411386,25166.0,0.0019295293700145302
642.5752799668187,823.9643301534633,678.9344830988138,3.4651191922033306,0.1370338896932528,18.86711338350084,15037.0,0.00322944360967141
642.6471204188482,369.5926701570681,1613.5605923501464,4.099120920528806,0.4839233068153577,36.60783193813596,8091.0,0.00600255914128434
644.2762304463945,890.5959557420832,4428.421269685585,4.348192565105409,0.07280759831799993,51.8141621278232,28860.0,0.0016825377927150332
645.3564028180688,523.0290095317033,4756.483763592726,4.466651968951024,0.061118071966225145,48.716576348442466,30166.0,0.001609689537064569
646.3363780294727,847.4982340762392,4624.413969908221,4.328435630983767,0.057448197255801005,54.63014919998751,28491.0,0.0017043306451492283
644.4272193829264,1142.9446021831031,4463.057910673206,4.233283477687352,0.08184054188239742,58.00933368658467,22414.0,0.002166458970777232
648.0814982369769,405.3627835806001,4232.710168170166,4.528254573424261,0.027086628799208298,43.08460220411386,26310.0,0.0018456240146042262
647.1148490369599,576.1468636127017,4327.608932502103,4.354971071646477,0.04012324593338419,49.27977376287533,30386.0,0.0015980343314847916
646.6368821292775,388.8300380228137,3703.0229998960604,4.4542627082115684,0.03551647358579532,39.14222030308383,23757.0,0.002043977172660638
647.2031800944715,595.3906593041048,4232.710168170166,4.277995336081597,0.12108325432544448,53.50375437112178,30193.0,0.0016082499813717466
648.4570936639118,1058.0237603305786,4088.81322878257,4.316155824565231,0.05853287461014336,52.94055695668892,25310.0,0.0019185505374909359
649.0874246339363,504.37144702842374,5230.977585252412,4.469944610778536,0.05098422609239099,54.63014919998751,30028.0,0.001617087698637652
652.1670418977541,907.7391686343419,5128.194057118415,4.62143278499397,0.007071036207189761,46.74538539792745,29079.0,0.0016698653763468755
649.0748291162009,729.2694567693968,4696.503238955627,4.416824009699027,0.10586403046456494,54.348550492771075,29114.0,0.0016678577746734626
650.2390570160917,864.406595589696,4252.422077675316,4.347284309637067,0.08498512786160407,53.50375437112178,28401.0,0.0017097318842653985
650.2515789473684,476.00385964912283,802.5563155668267,3.958823146056715,0.3546060812543443,19.148712090717268,16115.0,0.003013385676627137
651.2675900637274,693.4717128365197,4330.424919574267,4.329507500066613,0.09445976850870048,50.96936600617391,29356.0,0.0016541076328901317
652.2832959773505,1090.4046242774566,4774.224482147361,4.342623803979591,0.09024819549387761,55.19334661442036,26793.0,0.001812350281122768
653.5053087757314,791.5681473456121,5198.312135215306,4.358563382151243,0.09946224138647236,61.106919465965404,28261.0,0.0017182021950813368
652.1835385316917,991.0633834929321,1235.0919298512638,4.102399951554833,0.24219954680756028,22.809495284530865,14582.0,0.0033302253265413088
651.9231019876181,1119.375366568915,864.226432447225,4.136400337850417,0.10601876340013214,18.022317261851548,12365.0,0.003927419619388271
653.07319243604,636.0284760845384,1265.7861889378548,3.874533952382483,0.18202610464476143,30.412660379374486,11487.0,0.004227661341826753
652.8816542014958,1158.7705675318962,1280.1477230058927,3.91936431452913,0.4606308769657306,30.975857793807346,7751.0,0.006265931402058271
655.5966202361592,658.4834900657569,3982.6505161619757,4.234733802027776,0.08576420017739539,51.8141621278232,25825.0,0.0018802879905118945
657.5055555555556,880.0026485788113,4359.147987710343,4.410998996225554,0.04633917861003352,44.49259574019601,29449.0,0.001648883601905012
657.4658109308145,949.40122709292,3488.163186289924,4.148705130338478,0.03169235096982647,43.36620091133029,26476.0,0.0018340513903644829
659.2630729936819,435.95026213200697,4189.625565966052,4.447238147518606,0.1077101035428458,43.08460220411386,27510.0,0.001765111098779109
660.5069135956954,551.0690108240005,4500.792137440208,4.502732977540831,0.044346758587310284,47.590181519576745,29362.0,0.001653769599927775
658.7380045696877,375.41679360243717,1478.9564103006926,4.038584845613258,0.4660977060552654,33.22864745153879,8234.0,0.00589828720649526
660.5739394322565,533.3883163684643,4454.04675204228,4.260366639698929,0.11014951847473416,55.19334661442036,30127.0,0.0016117734508948162
661.9899015241799,454.4544314119049,4489.528189151551,4.434020824957729,0.06059798120380155,48.434977641226034,28102.0,0.0017279244088141438
661.4763159876496,585.5523006250471,3739.34923312698,4.252436254366089,0.07821790749557286,45.90058927627816,30728.0,0.0015802471855686047
662.4174763214177,603.5375496486404,4608.362843596884,4.368840869944666,0.08793281378880777,54.348550492771075,28869.0,0.001682013219908606
660.4283538695832,1012.2464349993078,4067.9749244485542,4.419413956035341,0.0518175434922542,42.52140478968099,25172.0,0.0019290694105822375
662.3603879235699,759.18172371991,4878.134405110224,4.375632989561976,0.053305249371289706,60.54372205153254,29205.0,0.001662660531653957
663.2319155009991,845.4188409934342,4932.201356895779,4.433297309642531,0.051551530499402254,52.09576083503963,29323.0,0.0016559692870893698
664.8635639145681,966.6212304749761,4416.875722689711,4.400010142857872,0.021839335650024386,48.434977641226034,27855.0,0.0017432476206267421
663.3234811165846,739.3533418475947,4630.3275427597655,4.434642996357087,0.0842899394145928,53.222155663905355,30551.0,0.0015894030926492538
664.151268115942,720.4643504140787,4352.389618737149,4.300763991545349,0.02379711992533691,52.65895824947249,30013.0,0.0016178959462871047
665.4138042984222,702.1991429127979,4336.901689840245,4.368697051486523,0.14673191414461564,49.561372470091754,30037.0,0.0016166031375548363
665.370263094376,1060.4437605599808,4666.653775990685,4.4592720717724,0.07008746943194578,49.561372470091754,25243.0,0.0019236431612302176
666.2206937799043,931.8062200956938,941.6660769317434,3.8965387658878727,0.36078691321417933,25.34388364947874,13715.0,0.0035407778380137623
667.8202686035357,1099.1115526928875,4109.651533116586,4.247152388643625,0.0356601034025408,50.96936600617391,24449.0,0.001986120071914566
671.515672112755,652.2633055185471,4015.8791636135143,4.302372951583243,0.07257457251260332,49.561372470091754,25607.0,0.001896296694889198
671.0841850619897,817.2830359842758,4656.234623823677,4.498644085611929,0.04950472512562332,45.90058927627816,29730.0,0.0016332977440164569
674.0178254385341,425.37589659825295,3965.191396314557,4.4612448681660215,0.03318079558498629,41.958207375248136,26181.0,0.0018547185388826924
671.0801576872536,1123.9109724047307,857.1864647668142,4.01733268378996,0.20370973808510706,20.838304334015852,11327.0,0.004287389921438082
672.3385413760393,634.5047151386641,5046.53043202565,4.391173660393101,0.0679203946207965,54.06695178555464,24054.0,0.0020187376346625964
673.9977616775637,876.5245920951876,4780.70125241334,4.427845936607802,0.03939503980459568,49.561372470091754,29353.0,0.0016542767011974366
675.5339609952925,524.1075991930061,4606.110053939153,4.335673892879664,0.04474194176227872,59.41732722266682,29643.0,0.0016380916757924914
674.7812448406802,382.10747894997525,1705.643369609919,4.068222893391983,0.441874753247388,34.07344357318808,9170.0,0.005296105667666796
676.5814176820119,577.2069503631235,4691.716060932948,4.420455151234202,0.01541823305463974,54.348550492771075,29678.0,0.0016361597031562002
676.8783146353901,463.0335288118307,4417.72051881136,4.484384203300927,0.0707376568547502,48.434977641226034,28832.0,0.0016841718914925334
676.9135386481569,1013.4163353325696,4178.643216384611,4.313377964299189,0.040158838358891585,45.61899056906173,27196.0,0.0017854922491889152
677.9599008366904,749.2304307406259,4543.5951409371055,4.419180943424022,0.015633864989185894,52.37735954225606,29468.0,0.0016478203834615205
679.1194647977063,712.4719655941383,3535.7533678095006,4.233752181487076,0.10954329093275555,40.550213839165984,29945.0,0.0016215701588189583
675.4690033678434,950.066234252214,4515.153671508246,4.409173762939881,0.05055380537666252,47.590181519576745,27992.0,0.001734715109946493
680.0819497419789,610.4421696208212,5020.341752254521,4.55439785536951,0.06569764255010248,49.561372470091754,26463.0,0.001834952439959955
680.1358586980671,852.2925461008665,5069.903124724614,4.486773620876637,0.0772500736426644,59.980524637099684,29690.0,0.0016354983611895247
681.5488287586788,967.463500097333,4339.71767691241,4.4351870798419615,0.04790766933081329,44.77419444741244,27159.0,0.0017879248900347629
681.4435825892857,1057.4669642857143,5046.248833318434,4.411575429238079,0.07852622537044014,54.348550492771075,25748.0,0.0018859114740886137
685.065085493657,805.3297787583501,4594.846105650496,4.445064153645468,0.06026682354067411,47.308582812360314,28948.0,0.0016774226349840144
683.2328448079982,908.3746307657351,4957.263641838042,4.4051389089436555,0.03744540361930172,50.68776729895748,27989.0,0.0017349010586518786
684.0188850360096,1091.075006668445,5278.567766771988,4.425911241475362,0.03752058416808696,55.474945321636795,25274.0,0.0019212835160971923
683.9274015050908,671.9685701637893,636.1314796019163,3.9201299993802152,0.14704963152036463,18.022317261851548,15682.0,0.0030965997381560413
684.3313024155974,1029.6190237258977,3928.5835643764212,4.315217541437898,0.012786502702970291,41.39500996081527,24019.0,0.002021679543911173
682.9608498917962,1146.2490655124927,1431.366228781116,4.052842965219343,0.3941822432571489,29.286265550508766,8568.0,0.005668304802532766
685.3197389885808,998.3626753670474,4315.500188091796,4.260138085669556,0.07524392945680344,52.94055695668892,25455.0,0.0019076209853016875
686.4093711467324,1115.5302096177559,913.5062062101003,3.970607174184985,0.16828677472976455,21.683100455665144,11356.0,0.004276439210518386
689.5066590126291,871.4288174512055,4905.449479710218,4.4189992685015484,0.04959936129326393,54.63014919998751,29142.0,0.0016662551656458045
692.1922525841777,542.2662470576195,5503.001936423483,4.5739133852441825,0.058109031502018085,55.19334661442036,29196.0,0.001663173100941597
692.2189893878699,723.7904279991567,4006.8680049825884,4.410661187450086,0.14440428049273724,44.21099703297958,29587.0,0.0016411923400474497
689.5512769010043,475.2025824964132,4906.8574732463,4.5954940191202995,0.01935510999546505,44.77419444741244,29055.0,0.0016712448131383218
693.5995670995671,496.5191713048856,4553.45109568968,4.360572775322142,0.04533310776293319,54.348550492771075,28009.0,0.0017336621530775395
694.3684587347045,955.4082921114293,4326.482537673237,4.442405300386593,0.024336365127270925,48.716576348442466,29031.0,0.0016726265308550268
697.0943930041152,582.9677983539094,5474.278868287408,4.595908674376578,0.045006636653593515,52.09576083503963,29668.0,0.0016367112301655018
695.0408342756627,705.2879130544038,4482.48822147114,4.4114253310510225,0.017729630766240977,45.61899056906173,29369.0,0.001653375402716432
696.5978742249779,855.5242313045679,4450.9491662629,4.296430989304495,0.0475403437146527,55.75654402885323,28908.0,0.0016797438457699483
692.827478879502,776.1375426115311,5699.839432767769,4.546690841569701,0.04627676706164937,55.75654402885323,30472.0,0.0015935239613209292
697.3710853710854,892.4409588159588,5251.252692171995,4.403555610674403,0.07961283431029828,62.51491300204756,27622.0,0.0017579535142412965
698.0658310404565,1075.1222867624579,5526.656227829663,4.420868035499653,0.06452864390522975,60.262123344316116,25198.0,0.0019270787844384016
699.967608025662,655.9633939241462,4477.1378460340275,4.431651732458636,0.04890683364810939,50.96936600617391,26398.0,0.0018394710009173162
700.4013107847153,910.2801217157236,4812.24030762158,4.369585378112726,0.03115121471323212,53.50375437112178,29136.0,0.0016665983225415723
701.5284834760456,513.7545113580072,3979.2713316753784,4.347031292253909,0.058187880525369086,41.958207375248136,27899.0,0.001740498116687541
699.4610882428608,988.5980833547724,4378.296699801061,4.460659006851476,0.06839835284021141,46.463786690711025,25914.0,0.001873829760003422
702.0730629739531,442.4665347840422,4270.444394937168,4.5283078562398575,0.06770801200379647,42.803003496897425,26453.0,0.0018356461577195018
701.9041609822647,1029.3780354706685,4128.23704779287,4.416783999745661,0.03205356668416584,44.77419444741244,26136.0,0.0018579121698971614
703.5696209525914,638.5690131506244,5096.373403202958,4.327366674058181,0.0832002593695188,62.79651170926399,23405.0,0.0020747202459683485
703.2501878757515,826.3693011022044,4496.5681568319615,4.397846872530745,0.0471595737903915,50.68776729895748,28556.0,0.0017004509255081738
703.4466355196894,941.0726897639706,4641.02829363399,4.4664679108405165,0.04893976174385562,45.90058927627816,28722.0,0.0016906224118894365
705.0649153400461,750.1597007369072,5005.980218186484,4.492059835289198,0.019637408335354614,54.63014919998751,30442.0,0.0015950944517291693
703.5747508305648,1113.9093929326486,932.3733195936012,4.267554397732024,0.10198468000937398,18.022317261851548,10590.0,0.004585822875527789
706.9579985390797,565.1888239590942,771.0172603585866,3.3453520845733036,0.11718473487372358,22.527896577314436,16106.0,0.0030150697601431186
706.8256901929075,732.3750721959108,4875.600016745277,4.502409094208501,0.042313266530556226,47.02698410514388,30078.0,0.0016143993624008395
709.4967889652091,605.085664823812,5042.58805012462,4.3520458034046,0.08145723914108258,63.359709123696845,27188.0,0.0017860176645154485
711.3798695961865,781.3921976877979,5139.458005407072,4.349725734613392,0.06857904630893605,58.854129808233964,28821.0,0.0016848147276272687
710.5121174712494,961.3843155090638,4334.08570276808,4.330065123349929,0.04551693604397377,52.37735954225606,28186.0,0.0017227744769213336
711.0663915587129,1013.2365231926452,5390.925650951344,4.316855127837236,0.06792610338149123,65.89409748864472,25060.0,0.001937691639986993
711.2974705882353,682.361,4787.178022679317,4.353821850498979,0.041386455185692984,58.57253110101753,30213.0,0.001607185302749533
715.1759232954546,455.30348011363634,3964.9097976073404,4.435378814405003,0.0638623111076278,43.64779961854672,26665.0,0.0018210507606967324
715.3490180268387,546.534297068479,4889.398353398881,4.494238538174388,0.0687469516895876,48.716576348442466,28411.0,0.0017091300565923624
714.3603090687271,978.5226863417184,4847.158547316417,4.489283119739881,0.07225629015849522,50.68776729895748,26862.0,0.0018076945775995787
713.5774506523921,1053.0086985613918,841.6985358699105,4.047394033328575,0.16728151397743746,20.838304334015852,10793.0,0.004499554452916956
713.9716090300794,665.9520980551561,4503.044927097939,4.355332365906172,0.024121611090126786,49.561372470091754,28847.0,0.0016832960868991634
713.9068994181214,1130.0743142144638,1693.816223906829,4.221998360721909,0.28728554648007404,29.286265550508766,8750.0,0.005550377028878645
716.1350569168435,403.0027011383369,1459.526099502759,4.163316551464498,0.2770278667275253,30.975857793807346,9480.0,0.005122884126170191
715.6780893722972,472.475887825973,4297.759469537162,4.521574253601808,0.03247524741637522,40.550213839165984,27541.0,0.0017631241546022848
716.5161351676916,911.1455652063653,4441.656408924758,4.289845789446217,0.1095278605287383,56.601340150502516,27969.0,0.001736141736180068
718.2950461389024,422.3732394366197,3478.8704289517814,4.4371202669702745,0.0407421545110638,38.297424181434536,22084.0,0.002198835188952851
717.4324699060944,518.1886935148422,4468.126687403102,4.3995908986664505,0.07127067111588797,50.96936600617391,29052.0,0.0016714174029988742
717.5421472937,1085.528246081041,952.0852290987513,3.9805055867832047,0.19868199801588995,21.119903041232284,12224.0,0.003972728605756022
714.6910613909401,798.9391050369227,5109.890141149347,4.500737781958247,0.06476189082638449,50.40616859174105,29710.0,0.0016343973118538302
718.9159263550921,1030.4057551178062,4374.354317900031,4.210770827504306,0.10578358970415039,60.262123344316116,25016.0,0.001941100069350485
721.4150987495617,879.4746990767792,4819.2802753019905,4.396658563156454,0.04672425427653291,53.222155663905355,27337.0,0.0017762822817108468
719.460910598138,946.5452110700165,4416.030926568062,4.295695920737214,0.06857349778557596,55.474945321636795,26517.0,0.0018312154060689837
718.435174471713,815.4891297728518,4624.132371201004,4.398300351011907,0.05255232708671457,49.561372470091754,27938.0,0.0017380682970725278
722.3003735699276,848.0649077749241,4824.3490520318865,4.497541290066018,0.06933545455620924,51.53256342060677,27434.0,0.001770001317214312
722.3353740400623,746.2799527415284,5243.649527077151,4.39989893991767,0.030078506310728604,56.03814273606966,28897.0,0.0016803833054011732
726.0620502158964,697.2774668159284,5282.510148673018,4.506305146793418,0.019559365495553732,51.25096471339034,28591.0,0.001698369152988291
722.5146402471921,764.0102015792829,5741.5160414358,4.586988445020554,0.04918367308750856,55.474945321636795,28980.0,0.001675570280261274
726.1180454200479,597.4693794150271,4823.504255910237,4.315225229127169,0.033127934024966395,58.00933368658467,28988.0,0.0016751078306322335
728.520413652938,680.0052603263794,4710.864773023664,4.304173914360556,0.05145355941988372,54.63014919998751,29210.0,0.0016623759074303438
729.1620469083156,864.2925254678986,4754.512572642211,4.483662992559295,0.07404102317110921,49.842971177308186,27535.0,0.0017635083752529682
731.4384361363368,578.652199551834,4775.3508769762275,4.390837633575745,0.06205873074074276,51.25096471339034,28048.0,0.0017312513694337807
730.3391382290799,899.3220436647673,4398.290208013427,4.284962845595029,0.06365945618001874,59.980524637099684,26747.0,0.0018154674294183985
730.3942510072765,663.9109988574178,4682.704902302022,4.369254429355962,0.018498648253152873,48.434977641226034,28037.0,0.0017319306549353868
730.4706662056248,1043.0506569847855,4886.300767619501,4.446690015926554,0.12142267889067106,56.319741443286084,24830.0,0.001955641905099133
733.2878401360545,917.3814382896015,4636.24111561131,4.476351042857578,0.03909897995329234,48.716576348442466,26312.0,0.0018454837162822973
734.0264816509099,646.2201890820372,5540.1729657760525,4.503423973828725,0.02938848304012523,60.262123344316116,26327.0,0.0018444321583755267
733.3966265354763,1021.5505102976227,4607.799646182451,4.339669616922141,0.05000873685361525,52.94055695668892,24075.0,0.0020169765952977557
735.5668717890815,833.399198328911,4987.957900924633,4.379669520550815,0.07721432107417667,56.601340150502516,26122.0,0.001858907988281694
736.1238532110092,1117.7347427203829,1411.9359179831822,3.9584247429945334,0.3855180094167965,33.22864745153879,7624.0,0.006370336269392185
738.1167895632444,884.374645490641,4964.585208225669,4.449540627758271,0.05416458144269285,56.88293885771895,27158.0,0.0017879907290859925
735.7957472795914,952.5024983344437,5072.155914382345,4.3771508148625085,0.050686757972014926,57.727734979368236,26437.0,0.0018367571978187257
735.4288425047438,1083.4417457305503,742.0125935152942,3.962154934723681,0.4278844351401802,20.838304334015852,11278.0,0.004306020837998866
739.3314186893954,494.4551911555803,4559.364668541225,4.462181271636661,0.05852163249342193,45.05579315462887,27369.0,0.0017742052895244568
737.139846083161,624.4697335171146,4903.196690052487,4.444853147606846,0.03849562639643446,49.842971177308186,24424.0,0.0019881531983453023
736.6717557251908,996.2044473946233,848.4569048431049,3.767425494369547,0.272950079969031,22.246297870098005,11521.0,0.004215182779571313
740.2899830220713,562.4286587436333,4146.540963761938,4.4011265728625135,0.07937202678106833,44.77419444741244,27918.0,0.0017393135103275007
740.1413661202185,711.2445355191256,5153.256342060677,4.307332672791638,0.1250875625632235,69.27328197524189,26501.0,0.0018323210875273491
742.1932028075361,593.1948651643886,4573.726202609263,4.518259142807803,0.041846981451364035,47.590181519576745,29050.0,0.001671532482711047
740.2762213598427,975.1271596406358,5297.1532814482725,4.509353889431711,0.03519374460343642,54.348550492771075,25997.0,0.0018678467669247462
744.2346555070354,531.5907933042213,4642.999484584505,4.440957207841861,0.05618835203657821,47.308582812360314,26687.0,0.0018195494256576475
742.7640845070423,771.1904929577465,799.7403284946624,3.836490840837625,0.5435539032133125,22.527896577314436,12241.0,0.003967210473671835
746.0441472920306,445.2630022846392,4190.751960794918,4.503466687193426,0.062370276148877496,42.803003496897425,24787.0,0.001959034788769388
746.4698698698699,421.53013013013015,1406.58554254607,4.240894385054311,0.430214193976118,27.878272014426614,8364.0,0.00580658930249291
751.2864500792393,789.9560221870048,710.7551370142704,3.848559530472142,0.32669322276219515,21.964699162881573,12298.0,0.003948819850332331
751.0231655396944,960.1475707488104,4497.694551660827,4.341650016816177,0.06589780098684608,53.222155663905355,25128.0,0.0019324475477241372
753.2988194193471,891.2867124442838,4675.101737207178,4.417516959744213,0.060335662734082,52.65895824947249,26588.0,0.0018263250005006672
759.5462457995924,606.4458767145926,5111.861332099862,4.368297724473491,0.11988699390525578,62.51491300204756,27399.0,0.0017722625158612542
758.1337678646175,687.598995395563,4709.175180780366,4.365280269263045,0.048685476967813,54.06695178555464,26467.0,0.0018346750996470036
759.37954315292,875.4678181613593,5005.1354220648345,4.340965975095791,0.0444628605483444,61.106919465965404,26102.0,0.0018603324391666951
759.360725795152,671.2969034608379,4019.539946807328,4.232630438811529,0.05422677911300493,45.90058927627816,25609.0,0.001896148587174269
760.2307364057547,974.5549865886369,4619.345193178325,4.381072265614598,0.0998463304474469,51.53256342060677,25440.0,0.0019087458505175011
760.0071737786024,1075.3438466295609,4553.45109568968,4.269782798378725,0.09214934207549699,59.41732722266682,22829.0,0.0021270722487690486
758.8060953280964,1003.3086645797649,4767.747711881384,4.482287178677326,0.05195896924685399,48.9981750556589,24235.0,0.002003659369483699
760.7252135165244,497.32454511696994,758.3453185338471,3.265455694263728,0.20441863553115597,22.809495284530865,15017.0,0.0032337452345370435
761.430622552636,653.2914136541626,4962.05081986072,4.280467195271462,0.15009771662801188,61.388518173181836,24415.0,0.001988886143213723
760.2506952452011,1041.4452282439124,4151.609740491834,4.230552979438518,0.07568411519171542,55.474945321636795,23669.0,0.002051577207969446
760.718680504077,1059.2431430689398,3798.7665603496466,4.303350876008829,0.10923149521364332,44.77419444741244,21811.0,0.002226359704868285
761.7251732101616,432.28060046189375,1463.1868826965726,4.085545974804369,0.42377479578794375,34.35504228040451,8868.0,0.005476505506033116
763.9922994652406,1097.8410695187165,1316.4739562368122,4.246747733284899,0.411395406190333,25.34388364947874,7703.0,0.006304986711208813
768.0836300912531,763.1240819051858,5060.891966093688,4.485819832340263,0.027213837795580623,53.222155663905355,26034.0,0.001865191944171725
768.3068541886709,781.2428150536439,5065.679144116367,4.49102724318594,0.02902054369675326,52.09576083503963,25197.0,0.0019271552710123994
769.002311629699,550.2265397104959,5116.3669114153245,4.50063443036028,0.0752815253278279,56.601340150502516,28958.0,0.0016768433343299638
770.250973208152,622.9836844515686,4918.966217656607,4.537991927610537,0.05303947131434603,52.37735954225606,24938.0,0.0019471718467377408
772.044926313056,466.69181328312663,4337.464887254678,4.540747298484657,0.08690174962909837,43.36620091133029,24953.0,0.0019460012489841859
769.9748163693599,738.7993179433369,1073.4542719090327,4.005144907400476,0.23537850834141943,22.246297870098005,11419.0,0.00425284143454333
769.8340018682345,896.3450739051597,5124.814872631818,4.398228567079113,0.0312519069409926,59.41732722266682,24800.0,0.0019580077923075033
773.3802077577633,697.4477842855564,5096.373403202958,4.4451508046145385,0.054242144758863554,53.222155663905355,24718.0,0.0019645038546545865
775.2095102287062,590.8853726759173,5134.389228677176,4.635984149828335,0.034251230072556225,47.590181519576745,28016.0,0.0017332289540482788
774.1591808530686,1032.4120861863182,4482.769820178356,4.3393202645187055,0.03539320493696927,53.78535307833821,23015.0,0.0021098804207222285
776.5245641838352,492.1232171156894,710.7551370142704,3.667488982371476,0.24697476807554464,19.148712090717268,14513.0,0.0033460605991046098
778.3990663353663,565.5717942925985,3739.9124305414125,4.461119672883475,0.10049269810623164,41.39500996081527,26490.0,0.0018330820183795906
777.1390168970814,973.5945980542755,4399.69820154951,4.180024670597028,0.053008273909782196,54.348550492771075,24404.0,0.001989782698939488
777.0880594310563,444.2051096213082,1554.1432651274795,4.0087781917997285,0.3793937187470708,34.918239694837375,9191.0,0.005284002251644951
780.0377857547704,834.488443856666,4471.505871889699,4.393228849796359,0.033062389701367274,52.65895824947249,24905.0,0.0019497521256614332
781.3438576349024,1012.49196326062,490.5449479710218,4.111812671355162,0.2426556204149384,16.332725018552964,10969.0,0.004427344914653828
783.4836125273124,851.2449182281666,4252.985275089749,4.300820103830987,0.03585466182384702,52.65895824947249,25610.0,0.0018960745419922818
786.3301490256018,869.1734810852121,5158.606717497789,4.55529318471269,0.03552819604702579,52.09576083503963,26460.0,0.0018351605002266801
784.8903285515964,746.0263766774641,1217.0696125894124,3.875431936936202,0.21413490255934878,27.315074599993753,11438.0,0.004245775674785523
788.5700371651928,805.2040240932974,4394.629424819614,4.310590066691013,0.04378324964889096,58.00933368658467,24548.0,0.0019781095637266665
791.4162752316872,612.5333248698743,4436.306033487645,4.334965496990607,0.05500049621581573,50.68776729895748,24863.0,0.0019530460240785017
789.4368619022031,997.7630306286942,524.0551941297771,3.7525559979833845,0.2860025260206724,15.487928896903673,10364.0,0.004685841844353297
791.4308355521745,524.4140357550399,4441.938007631974,4.475416416199699,0.08059094481263225,43.64779961854672,27596.0,0.0017596099178457053
790.4911785799666,888.0988285919196,5889.636961431643,4.462192760985805,0.07022976676376264,65.33090007421185,25121.0,0.0019329860697984385
791.4076989432823,941.2615376320897,5223.092821450352,4.3443351377994635,0.06359684441233109,64.20450524534614,24915.0,0.0019489695010945448
794.1492107316487,558.0832483044235,4691.716060932948,4.479183122812933,0.06817677552508385,50.12456988452462,28594.0,0.0016981909524950963
792.6977725674092,702.6778429073858,1201.018486278076,3.6627141295549857,0.09056054333200923,30.131061672158058,11280.0,0.004305257223338194
793.4559488632938,972.5631067961165,4669.751361770066,4.3833311799372074,0.09197059284117916,52.37735954225606,24828.0,0.001955799453021949
791.9737869822485,1049.5279881656804,4759.0181519576745,4.319735911279214,0.10168478917842634,53.222155663905355,20154.0,0.002409422383603126
795.448742314142,642.1181665735047,5037.8008721019405,4.465268741086987,0.07160872667744447,50.12456988452462,24734.0,0.0019632329477684007
797.124822045963,595.4399023794997,5538.483373532754,4.352729934285108,0.1176776400442978,66.45729490307758,28259.0,0.0017183238076057229
794.0705924725373,1071.8978930307942,1563.717621172838,4.243001462201939,0.2259448862880901,28.159870721643042,7191.0,0.006754027721499873
798.4860726921839,726.4194274686395,4377.451903679411,4.326554478696007,0.07311226775007845,50.40616859174105,24540.0,0.001978754476934038
800.3561789395388,904.5362341940282,5300.2508672276535,4.4546559010415985,0.08902409154401769,57.727734979368236,24746.0,0.0019622808462107337
799.9476392251815,767.097760290557,930.4021286430861,3.984989997283602,0.15418455012412186,21.119903041232284,11909.0,0.004077827297754815
799.8974804975754,792.0706304026987,5342.490673310118,4.48266626669088,0.023923356028655238,58.854129808233964,25683.0,0.0018906848191195447
802.4623546099291,573.8840851063829,4963.177214689586,4.482843575770038,0.06348102739835224,50.12456988452462,28498.0,0.0017039119787762213
802.2021654542378,467.23955337506345,1664.5299583563203,3.7050583373317667,0.3337140824499298,43.929398325763145,9877.0,0.004916931092965782
805.2818660007439,931.1473885553371,5299.969268520437,4.519591155555851,0.02549235000552456,57.727734979368236,25349.0,0.0019155985712530832
805.0707395498392,1025.9972439136427,613.0403856101691,3.7213458923277356,0.10699224165781657,22.527896577314436,9906.0,0.004902533770074136
803.7238519688593,684.2716348866072,4991.618684118446,4.543495213296017,0.05409189941272424,50.40616859174105,23492.0,0.002067036094995563
807.4355753124597,828.4925267362453,4370.9751334134335,4.429856766915807,0.094132125459425,48.434977641226034,24223.0,0.002004652058399967
808.264678109204,1002.3539965561296,5069.621526017397,4.357006168178069,0.10504530193765327,56.88293885771895,23188.0,0.002094137756835491
810.4066639355456,974.1424962447085,4124.29466589184,4.3955320381188425,0.06946971707197798,47.02698410514388,24619.0,0.001972404327004091
812.1843210754217,715.3008466360758,4357.176796759828,4.369857032895555,0.01840736067139992,48.716576348442466,24664.0,0.0019688053400699866
812.5970679697912,526.4393602843181,633.8786899441849,3.6905512886099423,0.3402979485327462,16.614323725769395,14339.0,0.0033866698466322722
811.1935004248088,1055.5121070518267,1325.7667135749546,3.9187261467757555,0.2706681001051828,29.849462964941626,6267.0,0.007750153410549874
814.287657920311,863.272918691286,5215.771255062725,4.57717066621228,0.05454094512257946,49.27977376287533,24800.0,0.0019580077923075033
814.0138161029062,480.32301095759885,1773.2270593418625,3.820512492571081,0.3701028427455368,42.52140478968099,10403.0,0.004668271616998832
814.2650976909414,649.2699822380107,1268.3205773028026,3.8880881072401796,0.1653666629361818,27.315074599993753,10830.0,0.0044841791661879415
816.2333874556498,749.4009862288773,4682.704902302022,4.284510109773403,0.11785553892502673,56.03814273606966,24627.0,0.0019717635457507086
820.2205545946549,671.688668191709,5047.093629440083,4.542379192253517,0.07174905815174114,52.37735954225606,24124.0,0.002012879427685717
821.3058451446644,959.106653391121,4808.0163270133335,4.292971064689163,0.09410977983205739,57.727734979368236,23705.0,0.0020484612818117975
823.121820410665,885.0965369292062,5513.139489883275,4.408413514518143,0.07733928682715321,59.980524637099684,24513.0,0.001980934167017192
827.2019312695257,493.91777904004545,1983.0180962181032,4.0006922150266915,0.3346837309318673,38.57902288865097,10751.0,0.004517135752560764
825.1315083199141,909.0064412238326,524.6183915442099,3.7681747796719387,0.32372979743190744,16.332725018552964,10670.0,0.004551433483775201
826.0674242905212,580.5933591517999,4435.461237365996,4.3597509217618375,0.12073811428004895,49.842971177308186,26341.0,0.001843451784938709
826.1815806662312,812.027759634226,862.25524149671,4.015116765275721,0.4002081636309716,21.964699162881573,10761.0,0.004512937278530999
827.1834784455299,1038.4559354427693,1326.0483122821709,3.631227670907093,0.2448116603604634,35.48143710927023,6077.0,0.007992545273261287
830.542215714983,737.4372864812103,4038.970257605262,4.224665705202477,0.0696702639874795,51.8141621278232,23907.0,0.002031151544092234
828.2900069396253,975.9916030534351,4057.8373709887624,4.31071160707067,0.09299858111895827,47.308582812360314,22862.0,0.0021240016712462165
831.1268160551589,532.0022777640975,4574.289400023696,4.418646828289674,0.0809560788340716,48.9981750556589,25908.0,0.0018742637513991924
830.1737132352941,555.2693014705883,612.7587869029526,3.7615019684726376,0.2310145818708527,18.30391596906798,14657.0,0.003313182201383266
831.3482152910708,614.5123296926022,5001.756237578237,4.453420932297463,0.11065475896210258,57.16453756493538,24290.0,0.001999122096267947
833.391148694525,756.0129621628295,4562.18065561339,4.452597898716139,0.0461586243658786,45.90058927627816,25042.0,0.001939084549638277
833.5600564407079,942.5338938209184,4789.7124110442655,4.452234062518653,0.031075547198946903,49.842971177308186,23133.0,0.00209911711811493
835.0002831257078,848.2332955832389,994.6066338884323,3.987203483580823,0.26380139031307054,21.683100455665144,10122.0,0.004797894648882035
837.0411732556021,594.7995384708812,4637.08591173296,4.53495295049387,0.06915856064217206,44.77419444741244,26918.0,0.001803933583456801
840.5866018512353,883.0292335353266,4228.767786269136,4.418507330765715,0.04348641521289858,44.77419444741244,24045.0,0.002019493307545871
840.2996875,711.3555,4505.579315462887,4.380903160308385,0.06189469049585339,52.37735954225606,23833.0,0.00203745867560828
841.070119942006,926.295175958877,4272.9787833021155,4.3542776387257875,0.09656352624166534,50.12456988452462,22901.0,0.0021203842169320395
842.3895445971436,632.3513877661007,5225.064012400867,4.314826887581066,0.09845795280883661,60.82532075874897,22408.0,0.0021670391170424495
845.294087553899,650.1699919608274,3853.115110842418,4.384184901340416,0.06276204117417891,42.23980608246457,22677.0,0.00214133090655183
842.5992918264975,514.2946296842726,1908.6760375129654,3.976231388127799,0.3729146773453587,38.297424181434536,10313.0,0.004709018846549504
845.2367963863794,793.5539726662034,4862.646476213321,4.404331422489573,0.039949452944564444,53.222155663905355,23800.0,0.0020402839614651887
845.4060754969846,865.9742014742014,5042.8696488318365,4.2945623269000555,0.06811465661022476,59.980524637099684,22946.0,0.0021162255125173808
844.970903433971,973.0867135284627,4887.427162448366,4.408907470578257,0.0316891538440723,58.00933368658467,21971.0,0.0022101451458245223
849.1176363636364,667.161393939394,4646.378669071102,4.501245618849533,0.020483030047686458,49.561372470091754,23877.0,0.0020337037770243
851.0383441764062,685.139616558236,4891.08794564218,4.513214583674136,0.013419817104642677,54.348550492771075,24293.0,0.0019988751995682176
848.5334298817282,1010.6237026309437,1166.6634439976713,3.5809995543634794,0.18452759373123284,35.19983840205381,6207.0,0.00782509452949118
852.2203158510431,528.8752193410021,1444.3197693130717,3.7593323144123905,0.3266951897118119,34.07344357318808,11193.0,0.004338726759056517
852.372177806204,940.0118324272465,4402.79578732889,4.3085059518278905,0.10192119054096398,50.12456988452462,22791.0,0.002130619081284816
853.2847903783968,956.3157088557327,4963.740412104019,4.3251505029936546,0.07515054332732715,59.41732722266682,22053.0,0.0022019263825014744
853.4619242300354,833.3233033524122,5165.928283885416,4.307890166745611,0.09076705627276031,66.17569619586115,22128.0,0.0021944625606470864
854.0058660080272,816.2343315838222,912.0982126740182,4.000077183571484,0.32512934834612117,21.964699162881573,10172.0,0.004774306166046805
856.919317187044,717.3546104464547,3860.1550785228283,4.231440879550213,0.04863090285890287,46.74538539792745,24066.0,0.002017730950092078
858.3947804473902,585.9780447390224,679.7792792204631,3.9064240847704395,0.2100857685782387,17.177521140202256,13595.0,0.0035720360976635264
858.289610002977,734.0436439416493,4729.4502876999495,4.363800043390627,0.0995077807994766,56.03814273606966,25706.0,0.001888993029486159
859.1493123772102,901.393909626719,573.3349678926523,3.87767272678232,0.3613194193142313,15.769527604120105,9782.0,0.004964692722130643
860.9811074144486,783.5729562737642,4739.869439866957,4.375957255406031,0.037052218809142744,52.94055695668892,23699.0,0.0020489799453863007
863.0846865497832,767.5578055250048,4352.6712174443655,4.349196194360314,0.04479900291529905,49.842971177308186,23227.0,0.0020906212275313826
863.0145941015506,543.287473396169,1852.3562960696795,4.144747249940132,0.33886882571861277,30.975857793807346,10539.0,0.004608018670962451
866.7767929089443,614.3247381144239,698.9279913111803,4.03320224967517,0.5519644984819992,19.711909505150132,9145.0,0.005310586989596786
870.5560103403706,706.5341088611231,3921.5435966960104,4.334440694135522,0.03144711915533878,46.18218798349459,22205.0,0.002186852162876971
870.5905511811023,815.3844372394627,607.9716088802733,3.5037860816515307,0.4300771230664136,20.275106919582992,9746.0,0.004983035193938758
870.9356126778139,942.3928125779885,1128.3660198162368,3.810654549527193,0.27765812224089653,25.06228494226231,7687.0,0.006318113564061131
870.4098908834917,559.9692009855685,1600.0438544037577,4.055710250851207,0.30296294805634283,33.22864745153879,11575.0,0.004195514587645819
871.4380566801619,837.8408906882592,695.5488068245832,3.4061744364459634,0.21753004949859286,23.93589011339659,10035.0,0.0048394990621018355
874.0490231331655,645.426405369771,4698.7560286133585,4.410910437559317,0.06972616628290267,54.06695178555464,21807.0,0.002226768117673084
874.467794801433,740.1327082856925,3694.293439972351,4.212746946123825,0.09311815882028004,45.3373918618453,23490.0,0.0020672121028812757
874.094978976008,968.5498392282958,1138.5035732760282,3.882455447491461,0.10984386295644728,28.723068136075906,6798.0,0.007144600879145852
876.9872825099574,756.5803927049124,4029.959098974336,4.29207562999674,0.030168463172326073,54.348550492771075,22551.0,0.0021532963047611463
878.5693715516081,679.5946709729511,4185.119986650589,4.297320412038755,0.0750130248971476,49.842971177308186,21177.0,0.002293019088237211
878.3355321020229,785.2185576077396,640.3554602101628,3.7205601946251825,0.24473396160338948,21.119903041232284,10160.0,0.004779946223832424
880.5435063735451,575.2285239238869,1524.293802162538,3.923996198601099,0.31851102851490976,32.66545003710593,9575.0,0.005072045905196148
883.3402835696413,881.8673894912426,675.2736999050002,3.8657625509184346,0.4503983397821422,17.459119847418687,9361.0,0.005188021810972304
880.6893781784559,902.0129449838188,4872.784029673112,4.436450904164024,0.08755303474371151,53.78535307833821,21502.0,0.0022583571623560118
883.1854460093897,849.7501676727029,839.7273449193956,3.979659887931168,0.28144108726879513,20.55670562679942,9467.0,0.005129920315795251
887.5182810472483,729.2486833066179,3689.2246632424553,4.284729151354332,0.09210358414443469,43.36620091133029,21245.0,0.0022856790072251667
889.5758302583026,937.899815498155,1526.264993113053,3.8347796619037386,0.19277515331023978,35.76303581648666,6807.0,0.007135151729522213
890.0118098612342,596.8613817537644,1907.5496426840998,4.363688506769902,0.30506020458343874,30.694259086590918,10419.0,0.0046611013772160596
892.9786745406824,827.0347769028872,858.3128595956799,3.836341966644706,0.39154488697010015,23.372692698963725,8796.0,0.0055213438797804704
896.3679841897233,771.0387351778656,712.444729257569,3.9442257790404733,0.5370285931295347,18.585514676284408,9112.0,0.005329824034952596
899.0783172969344,617.26963526516,1258.4646225502277,3.8421820551257544,0.237640721400589,27.878272014426614,6859.0,0.007081042322132742
900.0723087818697,702.2182719546743,3976.173745895998,4.359183266799078,0.07526738023552373,47.87178022679318,19260.0,0.0025212732645490854
902.3843494657448,857.6502199874293,896.0470863626816,3.999135670287416,0.36966651471512896,22.527896577314436,8729.0,0.0055637330499325914
903.6845452618189,903.8359126563494,1328.3011019399023,3.6358519114952292,0.21119426672989122,37.171029352568816,6367.0,0.0076283912654829525
905.9710653753027,793.5085351089589,4652.010643215431,4.390992044858944,0.06932803403707165,52.94055695668892,19580.0,0.002480063351088597
906.7217003287928,639.3508689525598,1199.0472953275607,3.770699875108687,0.21406001595684868,28.723068136075906,6263.0,0.007755104798923506
913.1705308114704,684.2260524710189,923.080562255459,3.899828691032732,0.27596701089422554,19.711909505150132,8183.0,0.005935056900008298
913.5853856562923,869.4454668470906,1040.5072231647105,3.6350794263294923,0.23850458257585347,30.694259086590918,6021.0,0.008066906956316743
917.9464771696402,717.9588751133958,931.2469247647355,3.7734850732211465,0.262212106263632,21.964699162881573,8092.0,0.006001817168048029
917.0551663232263,744.1433617898145,4782.954042071071,4.430618438416407,0.08867999271109862,53.222155663905355,19257.0,0.0025216660883398737
919.2728269810804,826.4499588703044,1026.9904852183217,4.247969240143374,0.3118967586389647,19.148712090717268,7193.0,0.006752149253076588
917.9434177503992,846.65389002966,1234.2471337296147,3.9437350137909477,0.273949438569424,27.878272014426614,6306.0,0.007702206668244205
923.8291942604857,809.8694812362031,1020.5137149523439,4.080995636644747,0.2670963635197571,21.964699162881573,6067.0,0.008005723431517425
924.8940849342771,786.8781597573306,1114.0044857481987,3.8771256278948805,0.26665998697459276,23.93589011339659,6219.0,0.007809990585030762
